feature,scope,watai_mean,merged_mean,watai_std,merged_std,watai_median,merged_median,watai_min,merged_min,watai_max,merged_max,watai_skew,merged_skew,standardized_mean_diff,ks_statistic,ks_pvalue
Number,ddos_dos_rows,9.498158257025665,99.89593635235498,0.08668172167110037,2.616516545476877,9.5,100.0,1.5,2.0,10.0,100.0,-68.34366287278584,-28.342793796372284,-48.83273830700958,0.9998110224316373,0.0
IAT,ddos_dos_rows,83115678.98858732,0.00017612285641573563,1730682.4616214014,0.004660597625086487,83102352.0,5.64193724130746e-05,0.0,1.5894572413799324e-07,100184840.0,1.836082935333252,-38.45536903573186,385.1427381120813,67.91732341306466,0.9996629631351401,0.0
Tot sum,ddos_dos_rows,941.6506711695519,11390.033575014646,1751.0591329763743,19561.193914093237,567.0,6000.0,63.0,120.0,27850.810546875,290884.0,4.684426493297087,3.8234685535542074,-0.7523771375065746,0.9592988791607266,0.0
Min,ddos_dos_rows,64.89660448110517,65.18227516393804,57.14573305104198,32.77347475435035,54.0,60.0,42.0,46.0,1514.0,830.0,4.857244870679186,7.802601408448909,-0.0061326621882744035,0.9292180142322215,0.0
AVG,ddos_dos_rows,89.73523577745587,114.22469507327258,167.19419636296723,196.29009048832674,54.0,60.0,42.0,58.31999969482422,2665.0771484375,2908.840087890625,4.697799909921965,3.812610857292933,-0.13431873939209604,0.9086910879814264,0.0
Tot size,ddos_dos_rows,89.73902063785162,114.22469507327258,166.8577167634753,196.29009048832674,54.0,60.0,42.0,58.31999969482422,2490.64990234375,2908.840087890625,4.679044375980571,3.812610857292933,-0.1344116509445751,0.9083424291557093,0.0
Header_Length,ddos_dos_rows,12222.373807825263,14.228290991185977,62791.78190828046,7.812671031662123,108.0,19.8799991607666,0.0,0.0,7541183.5,56.560001373291016,45.568731568459604,-0.6220169428478144,0.2749551661539462,0.903714887365356,0.0
Max,ddos_dos_rows,122.78960252341287,243.3940434270452,292.5776818452642,541.3430797902303,54.0,60.0,42.0,60.0,4028.75,23234.0,4.601038451653956,6.743143174645716,-0.2771768825560942,0.820748686718423,0.0
Rate,ddos_dos_rows,9318.884796804361,23538.105746857436,76966.42950652208,29636.6635115494,19.094396591186523,18181.560546875,0.0,0.5446376800537109,6291456.0,6291456.0,26.80131223777496,66.37396005851527,-0.2438188509011915,0.6725646947638653,0.0
Variance,ddos_dos_rows,0.09815826649828636,25689.977507071177,0.2030031519954379,114151.6492965943,0.0,0.0,0.0,0.0,0.949999988079071,7410031.5,3.230771067950102,12.5209187071905,-0.318269390014276,0.42749245664539615,0.0
ack_count,ddos_dos_rows,0.05285368840962653,12.202502063005122,0.22688669898206923,29.999371240492955,0.0,0.0,0.0,0.0,3.430000066757202,100.0,4.47105956665499,2.338685807160178,-0.5727355411707689,0.35569766514988654,0.0
ack_flag_number,ddos_dos_rows,0.08218469620194319,0.12214913687027829,0.2746459027768983,0.3001702497917483,0.0,0.0,0.0,0.0,1.0,1.0,3.042574453677239,2.3368119378802326,-0.13891432508070156,0.2958271337938362,0.0
syn_count,ddos_dos_rows,0.44383574266702436,24.41790499467713,0.7883400748100033,42.136550041011816,0.0,0.0,0.0,0.0,6.599999904632568,100.0,1.8001023683953397,1.1805738691734005,-0.80449209921714,0.25623228095717965,0.0
UDP,ddos_dos_rows,0.3263446608711822,0.22929595522637208,0.4688750613884847,0.40737997359923495,0.0,0.0,0.0,0.0,1.0,1.0,0.7407318214561052,1.2827527161022987,0.22096442489093465,0.23096138286628143,0.0
Std,ddos_dos_rows,25.15411209327038,47.03336054929397,109.29022410966878,153.22480408062495,0.0,0.0,0.0,0.0,1175.793701171875,2722.13720703125,4.588478996684267,3.8336733050980394,-0.1644029746614494,0.2034975192871875,0.0
TCP,ddos_dos_rows,0.5532169587652829,0.6096699607463022,0.4971598890696776,0.4777798383923532,1.0,0.9900000095367432,0.0,0.0,1.0,1.0,-0.21408387899058554,-0.45196110802634515,-0.11578531511541462,0.18598769764200157,0.0
HTTPS,ddos_dos_rows,0.03436032727441774,0.054107704296356716,0.1821529444835099,0.21658602624119874,0.0,0.0,0.0,0.0,1.0,1.0,5.1126230656978064,4.055112157557343,-0.09868188408610125,0.1783654221791221,0.0
IPv,ddos_dos_rows,0.9999709450978569,0.9975509097204747,0.00539018162548824,0.009739119730232684,1.0,1.0,0.0,0.27000001072883606,1.0,1.0,-185.5117247751627,-17.84321577899387,0.30746320747154304,0.15406955359302854,0.0
LLC,ddos_dos_rows,0.9999709450978569,0.9975509097204747,0.00539018162548824,0.009739119730232684,1.0,1.0,0.0,0.27000001072883606,1.0,1.0,-185.5117247751627,-17.84321577899387,0.30746320747154304,0.15406955359302854,0.0
ARP,ddos_dos_rows,2.905490214308958e-05,0.0024490918965637694,0.00539018162548824,0.009739121638641388,0.0,0.0,0.0,0.0,1.0,0.7300000190734863,185.5117247751627,17.843206290742767,-0.30746336679389413,0.15406955359302843,0.0
syn_flag_number,ddos_dos_rows,0.2715064385663149,0.24435652587048765,0.44473665509304583,0.42153407992274994,0.0,0.0,0.0,0.0,1.0,1.0,1.0275454420813623,1.179453604784508,0.06265980848382102,0.15292931367104012,0.0
psh_flag_number,ddos_dos_rows,0.07170168750871647,0.0988112726121794,0.25799332455921964,0.2866078634491088,0.0,0.0,0.0,0.0,1.0,1.0,3.320227864213379,2.6849798134442997,-0.09942042923753323,0.14390282023621415,0.0
rst_count,ddos_dos_rows,1.2921778486975264,9.22162029367114,38.27110249355587,27.389691393767333,0.0,0.0,0.0,0.0,6922.52001953125,100.0,84.35334871305481,2.8698602805674818,-0.2382776374820311,0.13419971869954084,0.0
ICMP,ddos_dos_rows,0.10258123750639207,0.14404713796252022,0.30341115209901115,0.3445929419153774,0.0,0.0,0.0,0.0,1.0,1.0,2.6196714243642534,2.0294698037661743,-0.12772270082145393,0.12069575951406153,0.0
DNS,ddos_dos_rows,1.1621960857235832e-05,0.0017271588324366772,0.003409079903326067,0.008315154977184784,0.0,0.0,0.0,0.0,1.0,0.5799999833106995,293.3274620822641,23.162941083235953,-0.2699648019103174,0.11093080917256715,0.0
rst_flag_number,ddos_dos_rows,0.055268234856585004,0.09229449236811017,0.22850307891234717,0.274063802501884,0.0,0.0,0.0,0.0,1.0,1.0,3.8925669383563286,2.8683607630290067,-0.14674679076705271,0.10702570085324614,0.0
fin_count,ddos_dos_rows,0.06855725764657619,7.822304392468614,0.2531997700595143,26.59202716587533,0.0,0.0,0.0,0.0,4.619999885559082,100.0,4.452208423097362,3.145714068584704,-0.4123400314487229,0.10336850025745736,0.0
fin_flag_number,ddos_dos_rows,0.0495909069778253,0.07829243561196408,0.21709824716690362,0.26608454079686455,0.0,0.0,0.0,0.0,1.0,1.0,4.149357250921545,3.144100263541713,-0.11819606832314562,0.07834060755140004,0.0
HTTP,ddos_dos_rows,0.05049160894426107,0.07362939354016039,0.2189570879658407,0.25739103352114145,0.0,0.0,0.0,0.0,1.0,1.0,4.105903994538567,3.2715495212134513,-0.09683185802396047,0.07317531179224745,0.0
DHCP,ddos_dos_rows,5.810980428617916e-06,0.00012997314087282339,0.0024105905212466875,0.0016636037308189516,0.0,0.0,0.0,0.0,1.0,0.20000000298023224,414.83129101577055,35.651054264503216,-0.059951212693449635,0.010091890422414762,9.843937554173638e-08
SSH,ddos_dos_rows,0.0,6.0001331051143635e-05,0.0,0.0008928723470552432,0.0,0.0,0.0,0.0,0.0,0.05999999865889549,,19.66070329076185,-0.09503564133531751,0.005253576400481186,0.020889228120158913
IRC,ddos_dos_rows,0.0,2.245778830893034e-05,0.0,0.00048048356378258873,0.0,0.0,0.0,0.0,0.0,0.019999999552965164,,21.92042121406268,-0.06610030228164926,0.0022110375498427537,0.8134318758726815
Telnet,ddos_dos_rows,0.0,2.0945967795821077e-05,0.0,0.0004631976020678826,0.0,0.0,0.0,0.0,0.0,0.019999999552965164,,22.586580900306625,-0.06395126313615732,0.002066154747431437,0.8717310514242016
SMTP,ddos_dos_rows,0.0,2.0945967795821077e-05,0.0,0.0004631976020678826,0.0,0.0,0.0,0.0,0.0,0.019999999552965164,,22.586580900306625,-0.06395126313615732,0.002066154747431437,0.8717310514242016
ece_flag_number,ddos_dos_rows,0.0,1.8519801344254798e-05,0.0,0.00068801219571959,0.0,0.0,0.0,0.0,0.0,0.17000000178813934,,117.71179552316457,-0.038067572633807126,0.001392134753604668,0.9971290230029854
cwr_flag_number,ddos_dos_rows,0.0,6.614214780052829e-06,0.0,0.0004620615788078369,0.0,0.0,0.0,0.0,0.0,0.14000000059604645,,196.69182731155308,-0.0202438650504837,0.00047874317318530313,1.0
