protocol_value,watai_proportion,merged_proportion,chi2_statistic,chi2_pvalue
0,0.0,0.000585,400000.0,0.0
0.0,1e-05,0.0,400000.0,0.0
0.59,5e-06,0.0,400000.0,0.0
0.6,5e-06,0.0,400000.0,0.0
0.88,5e-06,0.0,400000.0,0.0
0.93,1e-05,0.0,400000.0,0.0
0.94,2.5e-05,0.0,400000.0,0.0
0.95,7e-05,0.0,400000.0,0.0
0.96,0.0001,0.0,400000.0,0.0
0.97,0.000385,0.0,400000.0,0.0
0.9722222,5e-06,0.0,400000.0,0.0
0.98,0.001685,0.0,400000.0,0.0
0.98214287,5e-06,0.0,400000.0,0.0
0.9882353,5e-06,0.0,400000.0,0.0
0.99,0.013315,0.0,400000.0,0.0
1,0.0,0.114125,400000.0,0.0
1.0,0.033985,0.0,400000.0,0.0
1.01,6.5e-05,0.0,400000.0,0.0
1.02,9.5e-05,0.0,400000.0,0.0
1.03,0.00028,0.0,400000.0,0.0
1.04,0.001275,0.0,400000.0,0.0
1.05,0.010415,0.0,400000.0,0.0
1.0561798,5e-06,0.0,400000.0,0.0
1.06,3e-05,0.0,400000.0,0.0
1.07,5.5e-05,0.0,400000.0,0.0
1.08,0.00014,0.0,400000.0,0.0
1.09,0.000335,0.0,400000.0,0.0
1.1,0.00189,0.0,400000.0,0.0
1.11,1.5e-05,0.0,400000.0,0.0
1.12,5e-05,0.0,400000.0,0.0
1.13,0.00013,0.0,400000.0,0.0
1.14,0.000495,0.0,400000.0,0.0
1.15,0.002155,0.0,400000.0,0.0
1.16,0.008835,0.0,400000.0,0.0
1.1648352,5e-06,0.0,400000.0,0.0
1.1666666,5e-06,0.0,400000.0,0.0
1.17,4.5e-05,0.0,400000.0,0.0
1.1724138,5e-06,0.0,400000.0,0.0
1.18,8.5e-05,0.0,400000.0,0.0
1.19,0.000205,0.0,400000.0,0.0
1.2,0.000735,0.0,400000.0,0.0
1.21,0.00132,0.0,400000.0,0.0
1.2105263,5e-06,0.0,400000.0,0.0
1.22,2.5e-05,0.0,400000.0,0.0
1.23,5.5e-05,0.0,400000.0,0.0
1.24,0.00013,0.0,400000.0,0.0
1.2424242,5e-06,0.0,400000.0,0.0
1.25,0.00034,0.0,400000.0,0.0
1.26,0.00039,0.0,400000.0,0.0
1.27,2e-05,0.0,400000.0,0.0
1.28,3e-05,0.0,400000.0,0.0
1.29,0.00011,0.0,400000.0,0.0
1.3,0.000375,0.0,400000.0,0.0
1.31,0.000505,0.0,400000.0,0.0
1.3134328,5e-06,0.0,400000.0,0.0
1.32,0.0013,0.0,400000.0,0.0
1.33,4e-05,0.0,400000.0,0.0
1.34,8e-05,0.0,400000.0,0.0
1.35,0.000175,0.0,400000.0,0.0
1.3571428,5e-06,0.0,400000.0,0.0
1.36,0.000315,0.0,400000.0,0.0
1.37,0.000325,0.0,400000.0,0.0
1.38,3.5e-05,0.0,400000.0,0.0
1.3894737,5e-06,0.0,400000.0,0.0
1.39,4.5e-05,0.0,400000.0,0.0
1.4,0.00017,0.0,400000.0,0.0
1.41,0.0002,0.0,400000.0,0.0
1.42,0.000185,0.0,400000.0,0.0
1.43,4e-05,0.0,400000.0,0.0
1.44,5e-05,0.0,400000.0,0.0
1.45,7.5e-05,0.0,400000.0,0.0
1.46,0.000175,0.0,400000.0,0.0
1.47,0.00019,0.0,400000.0,0.0
1.48,0.00037,0.0,400000.0,0.0
1.4848485,5e-06,0.0,400000.0,0.0
1.49,3.5e-05,0.0,400000.0,0.0
1.5,0.00014,0.0,400000.0,0.0
1.51,0.000115,0.0,400000.0,0.0
1.5121951,5e-06,0.0,400000.0,0.0
1.52,8e-05,0.0,400000.0,0.0
1.53,0.000145,0.0,400000.0,0.0
1.54,3.5e-05,0.0,400000.0,0.0
1.55,7.5e-05,0.0,400000.0,0.0
1.56,7e-05,0.0,400000.0,0.0
1.57,8e-05,0.0,400000.0,0.0
1.58,5.5e-05,0.0,400000.0,0.0
1.59,1.5e-05,0.0,400000.0,0.0
1.6,9e-05,0.0,400000.0,0.0
1.61,5.5e-05,0.0,400000.0,0.0
1.6185567,5e-06,0.0,400000.0,0.0
1.62,8.5e-05,0.0,400000.0,0.0
1.63,8.5e-05,0.0,400000.0,0.0
1.64,0.00014,0.0,400000.0,0.0
1.65,5.5e-05,0.0,400000.0,0.0
1.66,3.5e-05,0.0,400000.0,0.0
1.67,6.5e-05,0.0,400000.0,0.0
1.68,7e-05,0.0,400000.0,0.0
1.69,6e-05,0.0,400000.0,0.0
1.7,3e-05,0.0,400000.0,0.0
1.71,5e-05,0.0,400000.0,0.0
1.72,6e-05,0.0,400000.0,0.0
1.73,8.5e-05,0.0,400000.0,0.0
1.74,3.5e-05,0.0,400000.0,0.0
1.75,1e-05,0.0,400000.0,0.0
1.76,3.5e-05,0.0,400000.0,0.0
1.77,3e-05,0.0,400000.0,0.0
1.78,5e-05,0.0,400000.0,0.0
1.79,5e-05,0.0,400000.0,0.0
1.8,0.000125,0.0,400000.0,0.0
1.81,2.5e-05,0.0,400000.0,0.0
1.82,3e-05,0.0,400000.0,0.0
1.83,2.5e-05,0.0,400000.0,0.0
1.84,3e-05,0.0,400000.0,0.0
1.85,6e-05,0.0,400000.0,0.0
1.86,5e-06,0.0,400000.0,0.0
1.87,3.5e-05,0.0,400000.0,0.0
1.88,5.5e-05,0.0,400000.0,0.0
1.89,3e-05,0.0,400000.0,0.0
1.9,3e-05,0.0,400000.0,0.0
1.91,2.5e-05,0.0,400000.0,0.0
1.92,2e-05,0.0,400000.0,0.0
1.93,1e-05,0.0,400000.0,0.0
1.94,3e-05,0.0,400000.0,0.0
1.95,3e-05,0.0,400000.0,0.0
1.96,6e-05,0.0,400000.0,0.0
1.97,1e-05,0.0,400000.0,0.0
1.98,2e-05,0.0,400000.0,0.0
1.99,4.5e-05,0.0,400000.0,0.0
10.0,2.5e-05,0.0,400000.0,0.0
10.01,1e-05,0.0,400000.0,0.0
10.05,1e-05,0.0,400000.0,0.0
10.06,5e-06,0.0,400000.0,0.0
10.09,5e-06,0.0,400000.0,0.0
10.12,2.5e-05,0.0,400000.0,0.0
10.14,5e-06,0.0,400000.0,0.0
10.15,1e-05,0.0,400000.0,0.0
10.16,1e-05,0.0,400000.0,0.0
10.17,5e-06,0.0,400000.0,0.0
10.18,1e-05,0.0,400000.0,0.0
10.2,5e-06,0.0,400000.0,0.0
10.21,1e-05,0.0,400000.0,0.0
10.22,5e-06,0.0,400000.0,0.0
10.23,1e-05,0.0,400000.0,0.0
10.24,1e-05,0.0,400000.0,0.0
10.26,5e-06,0.0,400000.0,0.0
10.27,5e-06,0.0,400000.0,0.0
10.28,1.5e-05,0.0,400000.0,0.0
10.29,1e-05,0.0,400000.0,0.0
10.3,0.00013,0.0,400000.0,0.0
10.32,1e-05,0.0,400000.0,0.0
10.34,1.5e-05,0.0,400000.0,0.0
10.35,5e-06,0.0,400000.0,0.0
10.36,1e-05,0.0,400000.0,0.0
10.38,5e-06,0.0,400000.0,0.0
10.39,5e-06,0.0,400000.0,0.0
10.4,0.001735,0.0,400000.0,0.0
10.41,5e-06,0.0,400000.0,0.0
10.42,5e-06,0.0,400000.0,0.0
10.43,5e-06,0.0,400000.0,0.0
10.45,5e-06,0.0,400000.0,0.0
10.46,1e-05,0.0,400000.0,0.0
10.48,5e-06,0.0,400000.0,0.0
10.49,1e-05,0.0,400000.0,0.0
10.5,5e-05,0.0,400000.0,0.0
10.51,5e-06,0.0,400000.0,0.0
10.53,5e-06,0.0,400000.0,0.0
10.55,5e-06,0.0,400000.0,0.0
10.57,5e-06,0.0,400000.0,0.0
10.59,5e-06,0.0,400000.0,0.0
10.6,3e-05,0.0,400000.0,0.0
10.61,5e-06,0.0,400000.0,0.0
10.62,1e-05,0.0,400000.0,0.0
10.64,5e-06,0.0,400000.0,0.0
10.67,5e-06,0.0,400000.0,0.0
10.72,5e-06,0.0,400000.0,0.0
10.73,5e-06,0.0,400000.0,0.0
10.75,5e-06,0.0,400000.0,0.0
10.76,1.5e-05,0.0,400000.0,0.0
10.78,5e-06,0.0,400000.0,0.0
10.8,1e-05,0.0,400000.0,0.0
10.81,2e-05,0.0,400000.0,0.0
10.83,1e-05,0.0,400000.0,0.0
10.84,5e-06,0.0,400000.0,0.0
10.85,1.5e-05,0.0,400000.0,0.0
10.87,5e-06,0.0,400000.0,0.0
10.88,1.5e-05,0.0,400000.0,0.0
10.9,0.00039,0.0,400000.0,0.0
10.91,1e-05,0.0,400000.0,0.0
10.92,2e-05,0.0,400000.0,0.0
10.94,1e-05,0.0,400000.0,0.0
10.95,1.5e-05,0.0,400000.0,0.0
10.96,5e-06,0.0,400000.0,0.0
10.97,1e-05,0.0,400000.0,0.0
10.98,5e-06,0.0,400000.0,0.0
10.99,1e-05,0.0,400000.0,0.0
11.0,0.00019,0.0,400000.0,0.0
11.01,5e-06,0.0,400000.0,0.0
11.03,5e-06,0.0,400000.0,0.0
11.04,5e-06,0.0,400000.0,0.0
11.05,5e-06,0.0,400000.0,0.0
11.07,1e-05,0.0,400000.0,0.0
11.08,1e-05,0.0,400000.0,0.0
11.1,1e-05,0.0,400000.0,0.0
11.12,1e-05,0.0,400000.0,0.0
11.16,5e-06,0.0,400000.0,0.0
11.17,1e-05,0.0,400000.0,0.0
11.18,1e-05,0.0,400000.0,0.0
11.21,1e-05,0.0,400000.0,0.0
11.22,5e-06,0.0,400000.0,0.0
11.23,5e-06,0.0,400000.0,0.0
11.24,2e-05,0.0,400000.0,0.0
11.25,1e-05,0.0,400000.0,0.0
11.26,1e-05,0.0,400000.0,0.0
11.27,5e-06,0.0,400000.0,0.0
11.28,1.5e-05,0.0,400000.0,0.0
11.29,1e-05,0.0,400000.0,0.0
11.3,5e-06,0.0,400000.0,0.0
11.32,5e-06,0.0,400000.0,0.0
11.33,1e-05,0.0,400000.0,0.0
11.34,5e-06,0.0,400000.0,0.0
11.35,5e-06,0.0,400000.0,0.0
11.37,5e-06,0.0,400000.0,0.0
11.38,1e-05,0.0,400000.0,0.0
11.39,1e-05,0.0,400000.0,0.0
11.4,0.000125,0.0,400000.0,0.0
11.42,5e-06,0.0,400000.0,0.0
11.43,5e-06,0.0,400000.0,0.0
11.45,1e-05,0.0,400000.0,0.0
11.48,5e-06,0.0,400000.0,0.0
11.49,1.5e-05,0.0,400000.0,0.0
11.5,0.001445,0.0,400000.0,0.0
11.51,5e-06,0.0,400000.0,0.0
11.52,5e-06,0.0,400000.0,0.0
11.55,1.5e-05,0.0,400000.0,0.0
11.56,2.5e-05,0.0,400000.0,0.0
11.57,5e-06,0.0,400000.0,0.0
11.59,5e-06,0.0,400000.0,0.0
11.6,5e-05,0.0,400000.0,0.0
11.61,1.5e-05,0.0,400000.0,0.0
11.62,5e-06,0.0,400000.0,0.0
11.64,5e-06,0.0,400000.0,0.0
11.65,2.5e-05,0.0,400000.0,0.0
11.66,5e-06,0.0,400000.0,0.0
11.67,5e-06,0.0,400000.0,0.0
11.69,5e-06,0.0,400000.0,0.0
11.7,1.5e-05,0.0,400000.0,0.0
11.71,1e-05,0.0,400000.0,0.0
11.72,2e-05,0.0,400000.0,0.0
11.77,3e-05,0.0,400000.0,0.0
11.78,5e-06,0.0,400000.0,0.0
11.8,5e-06,0.0,400000.0,0.0
11.82,5e-06,0.0,400000.0,0.0
11.83,5e-06,0.0,400000.0,0.0
11.84,5e-06,0.0,400000.0,0.0
11.85,1e-05,0.0,400000.0,0.0
11.87,5e-06,0.0,400000.0,0.0
11.88,3e-05,0.0,400000.0,0.0
11.89,5e-06,0.0,400000.0,0.0
11.9,1.5e-05,0.0,400000.0,0.0
11.91,5e-06,0.0,400000.0,0.0
11.92,3e-05,0.0,400000.0,0.0
11.93,5e-06,0.0,400000.0,0.0
11.95,5e-06,0.0,400000.0,0.0
11.96,5e-06,0.0,400000.0,0.0
11.97,5e-06,0.0,400000.0,0.0
12.0,0.000295,0.0,400000.0,0.0
12.01,5e-06,0.0,400000.0,0.0
12.03,2e-05,0.0,400000.0,0.0
12.04,3e-05,0.0,400000.0,0.0
12.05,1.5e-05,0.0,400000.0,0.0
12.07,5e-06,0.0,400000.0,0.0
12.08,1e-05,0.0,400000.0,0.0
12.09,4e-05,0.0,400000.0,0.0
12.1,0.00013,0.0,400000.0,0.0
12.12,5e-06,0.0,400000.0,0.0
12.13,5e-06,0.0,400000.0,0.0
12.14,5e-06,0.0,400000.0,0.0
12.15,5e-06,0.0,400000.0,0.0
12.16,1e-05,0.0,400000.0,0.0
12.17,5e-06,0.0,400000.0,0.0
12.19,5e-06,0.0,400000.0,0.0
12.2,5e-05,0.0,400000.0,0.0
12.22,5e-06,0.0,400000.0,0.0
12.23,5e-06,0.0,400000.0,0.0
12.24,1e-05,0.0,400000.0,0.0
12.25,2e-05,0.0,400000.0,0.0
12.26,5e-06,0.0,400000.0,0.0
12.27,5e-06,0.0,400000.0,0.0
12.28,1e-05,0.0,400000.0,0.0
12.29,5e-06,0.0,400000.0,0.0
12.3,5e-06,0.0,400000.0,0.0
12.31,5e-06,0.0,400000.0,0.0
12.32,5e-06,0.0,400000.0,0.0
12.35,1.5e-05,0.0,400000.0,0.0
12.36,1e-05,0.0,400000.0,0.0
12.37,5e-06,0.0,400000.0,0.0
12.38,1e-05,0.0,400000.0,0.0
12.4,1.5e-05,0.0,400000.0,0.0
12.41,5e-06,0.0,400000.0,0.0
12.44,1e-05,0.0,400000.0,0.0
12.46,1e-05,0.0,400000.0,0.0
12.47,5e-06,0.0,400000.0,0.0
12.48,5e-06,0.0,400000.0,0.0
12.49,1.5e-05,0.0,400000.0,0.0
12.5,8e-05,0.0,400000.0,0.0
12.51,5e-06,0.0,400000.0,0.0
12.52,3.5e-05,0.0,400000.0,0.0
12.53,5e-06,0.0,400000.0,0.0
12.54,5e-06,0.0,400000.0,0.0
12.56,1e-05,0.0,400000.0,0.0
12.58,1.5e-05,0.0,400000.0,0.0
12.6,0.001135,0.0,400000.0,0.0
12.61,1e-05,0.0,400000.0,0.0
12.62,1e-05,0.0,400000.0,0.0
12.65,1e-05,0.0,400000.0,0.0
12.67,5e-06,0.0,400000.0,0.0
12.68,4.5e-05,0.0,400000.0,0.0
12.69,5e-06,0.0,400000.0,0.0
12.7,3e-05,0.0,400000.0,0.0
12.71,1e-05,0.0,400000.0,0.0
12.72,1e-05,0.0,400000.0,0.0
12.73,1e-05,0.0,400000.0,0.0
12.74,5e-06,0.0,400000.0,0.0
12.75,5e-06,0.0,400000.0,0.0
12.76,1.5e-05,0.0,400000.0,0.0
12.78,5e-06,0.0,400000.0,0.0
12.81,5e-06,0.0,400000.0,0.0
12.82,1e-05,0.0,400000.0,0.0
12.84,3.5e-05,0.0,400000.0,0.0
12.87,5e-06,0.0,400000.0,0.0
12.88,5e-06,0.0,400000.0,0.0
12.89,2.5e-05,0.0,400000.0,0.0
12.9,5e-06,0.0,400000.0,0.0
12.91,1.5e-05,0.0,400000.0,0.0
12.92,5e-06,0.0,400000.0,0.0
12.93,1.5e-05,0.0,400000.0,0.0
12.94,5e-06,0.0,400000.0,0.0
12.95,5e-06,0.0,400000.0,0.0
12.96,1e-05,0.0,400000.0,0.0
12.98,5e-06,0.0,400000.0,0.0
12.99,1.5e-05,0.0,400000.0,0.0
13.0,4e-05,0.0,400000.0,0.0
13.02,2e-05,0.0,400000.0,0.0
13.03,5e-06,0.0,400000.0,0.0
13.04,1e-05,0.0,400000.0,0.0
13.05,1.5e-05,0.0,400000.0,0.0
13.09,1e-05,0.0,400000.0,0.0
13.1,0.00023,0.0,400000.0,0.0
13.13,5e-06,0.0,400000.0,0.0
13.14,1e-05,0.0,400000.0,0.0
13.15,5e-06,0.0,400000.0,0.0
13.16,6.5e-05,0.0,400000.0,0.0
13.2,0.000135,0.0,400000.0,0.0
13.21,2e-05,0.0,400000.0,0.0
13.23,5e-06,0.0,400000.0,0.0
13.25,1.5e-05,0.0,400000.0,0.0
13.26,5e-06,0.0,400000.0,0.0
13.27,2e-05,0.0,400000.0,0.0
13.28,5e-06,0.0,400000.0,0.0
13.29,5e-06,0.0,400000.0,0.0
13.3,5e-06,0.0,400000.0,0.0
13.31,5e-06,0.0,400000.0,0.0
13.32,3e-05,0.0,400000.0,0.0
13.33,5e-06,0.0,400000.0,0.0
13.34,5e-06,0.0,400000.0,0.0
13.36,1e-05,0.0,400000.0,0.0
13.37,5e-06,0.0,400000.0,0.0
13.39,5e-06,0.0,400000.0,0.0
13.41,5e-06,0.0,400000.0,0.0
13.43,5e-06,0.0,400000.0,0.0
13.46,5e-06,0.0,400000.0,0.0
13.47,1.5e-05,0.0,400000.0,0.0
13.48,5e-05,0.0,400000.0,0.0
13.51,1e-05,0.0,400000.0,0.0
13.52,5e-06,0.0,400000.0,0.0
13.53,3.5e-05,0.0,400000.0,0.0
13.54,5e-06,0.0,400000.0,0.0
13.57,1.5e-05,0.0,400000.0,0.0
13.58,5e-06,0.0,400000.0,0.0
13.586667,5e-06,0.0,400000.0,0.0
13.59,1.5e-05,0.0,400000.0,0.0
13.6,5e-05,0.0,400000.0,0.0
13.62,1e-05,0.0,400000.0,0.0
13.63,3e-05,0.0,400000.0,0.0
13.64,5e-05,0.0,400000.0,0.0
13.66,1e-05,0.0,400000.0,0.0
13.67,1e-05,0.0,400000.0,0.0
13.69,4e-05,0.0,400000.0,0.0
13.7,0.00108,0.0,400000.0,0.0
13.72,1e-05,0.0,400000.0,0.0
13.73,5e-06,0.0,400000.0,0.0
13.74,1e-05,0.0,400000.0,0.0
13.75,5e-06,0.0,400000.0,0.0
13.76,5e-06,0.0,400000.0,0.0
13.77,5e-06,0.0,400000.0,0.0
13.78,1e-05,0.0,400000.0,0.0
13.79,5e-06,0.0,400000.0,0.0
13.8,0.000205,0.0,400000.0,0.0
13.81,5e-06,0.0,400000.0,0.0
13.83,1e-05,0.0,400000.0,0.0
13.84,2e-05,0.0,400000.0,0.0
13.85,2e-05,0.0,400000.0,0.0
13.88,1e-05,0.0,400000.0,0.0
13.89,1e-05,0.0,400000.0,0.0
13.9,1e-05,0.0,400000.0,0.0
13.92,5e-06,0.0,400000.0,0.0
13.94,5e-06,0.0,400000.0,0.0
13.95,2e-05,0.0,400000.0,0.0
13.96,8.5e-05,0.0,400000.0,0.0
13.97,5e-06,0.0,400000.0,0.0
13.99,5e-06,0.0,400000.0,0.0
14.0,1.5e-05,0.0,400000.0,0.0
14.01,3.5e-05,0.0,400000.0,0.0
14.03,1e-05,0.0,400000.0,0.0
14.05,1e-05,0.0,400000.0,0.0
14.06,5e-06,0.0,400000.0,0.0
14.07,1e-05,0.0,400000.0,0.0
14.08,5e-06,0.0,400000.0,0.0
14.09,5e-06,0.0,400000.0,0.0
14.1,5e-06,0.0,400000.0,0.0
14.11,3e-05,0.0,400000.0,0.0
14.12,9e-05,0.0,400000.0,0.0
14.13,5e-06,0.0,400000.0,0.0
14.14,2.5e-05,0.0,400000.0,0.0
14.15,5e-06,0.0,400000.0,0.0
14.16,1e-05,0.0,400000.0,0.0
14.17,4e-05,0.0,400000.0,0.0
14.19,5e-06,0.0,400000.0,0.0
14.2,0.00016,0.0,400000.0,0.0
14.21,5e-06,0.0,400000.0,0.0
14.22,1e-05,0.0,400000.0,0.0
14.23,5e-06,0.0,400000.0,0.0
14.24,1.5e-05,0.0,400000.0,0.0
14.25,2e-05,0.0,400000.0,0.0
14.26,2.5e-05,0.0,400000.0,0.0
14.27,2.5e-05,0.0,400000.0,0.0
14.28,8.5e-05,0.0,400000.0,0.0
14.29,1e-05,0.0,400000.0,0.0
14.3,5e-05,0.0,400000.0,0.0
14.32,1.5e-05,0.0,400000.0,0.0
14.33,7.5e-05,0.0,400000.0,0.0
14.35,5e-06,0.0,400000.0,0.0
14.37,1.5e-05,0.0,400000.0,0.0
14.38,1e-05,0.0,400000.0,0.0
14.39,1e-05,0.0,400000.0,0.0
14.4,1e-05,0.0,400000.0,0.0
14.42,1.5e-05,0.0,400000.0,0.0
14.43,2e-05,0.0,400000.0,0.0
14.44,0.000335,0.0,400000.0,0.0
14.46,2e-05,0.0,400000.0,0.0
14.47,5e-06,0.0,400000.0,0.0
14.48,3e-05,0.0,400000.0,0.0
14.49,1.5e-05,0.0,400000.0,0.0
14.51,1.5e-05,0.0,400000.0,0.0
14.52,1e-05,0.0,400000.0,0.0
14.53,1.5e-05,0.0,400000.0,0.0
14.54,2e-05,0.0,400000.0,0.0
14.56,5e-06,0.0,400000.0,0.0
14.57,5e-06,0.0,400000.0,0.0
14.58,1.5e-05,0.0,400000.0,0.0
14.59,5e-06,0.0,400000.0,0.0
14.6,7.5e-05,0.0,400000.0,0.0
14.63,2e-05,0.0,400000.0,0.0
14.64,5e-06,0.0,400000.0,0.0
14.65,3.5e-05,0.0,400000.0,0.0
14.666667,5e-06,0.0,400000.0,0.0
14.67,5e-06,0.0,400000.0,0.0
14.68,1.5e-05,0.0,400000.0,0.0
14.69,1e-05,0.0,400000.0,0.0
14.7,3e-05,0.0,400000.0,0.0
14.72,5e-06,0.0,400000.0,0.0
14.73,1e-05,0.0,400000.0,0.0
14.74,2.5e-05,0.0,400000.0,0.0
14.75,3.5e-05,0.0,400000.0,0.0
14.76,0.000195,0.0,400000.0,0.0
14.77,5e-06,0.0,400000.0,0.0
14.78,5e-06,0.0,400000.0,0.0
14.79,1.5e-05,0.0,400000.0,0.0
14.8,0.000885,0.0,400000.0,0.0
14.81,3e-05,0.0,400000.0,0.0
14.82,5e-06,0.0,400000.0,0.0
14.84,5e-06,0.0,400000.0,0.0
14.85,3e-05,0.0,400000.0,0.0
14.86,2.5e-05,0.0,400000.0,0.0
14.88,5e-06,0.0,400000.0,0.0
14.89,5e-06,0.0,400000.0,0.0
14.9,1e-05,0.0,400000.0,0.0
14.91,4.5e-05,0.0,400000.0,0.0
14.918919,5e-06,0.0,400000.0,0.0
14.92,0.00013,0.0,400000.0,0.0
14.95,1e-05,0.0,400000.0,0.0
14.96,2.5e-05,0.0,400000.0,0.0
14.97,5.5e-05,0.0,400000.0,0.0
14.98,5e-06,0.0,400000.0,0.0
14.99,5e-06,0.0,400000.0,0.0
15.01,1e-05,0.0,400000.0,0.0
15.02,4.5e-05,0.0,400000.0,0.0
15.03,1.5e-05,0.0,400000.0,0.0
15.04,1e-05,0.0,400000.0,0.0
15.06,1e-05,0.0,400000.0,0.0
15.07,4e-05,0.0,400000.0,0.0
15.08,0.00031,0.0,400000.0,0.0
15.1,5e-06,0.0,400000.0,0.0
15.11,2e-05,0.0,400000.0,0.0
15.12,1e-05,0.0,400000.0,0.0
15.13,5.5e-05,0.0,400000.0,0.0
15.15,5e-06,0.0,400000.0,0.0
15.16,1e-05,0.0,400000.0,0.0
15.17,1.5e-05,0.0,400000.0,0.0
15.18,3e-05,0.0,400000.0,0.0
15.19,5e-06,0.0,400000.0,0.0
15.2,1e-05,0.0,400000.0,0.0
15.21,5e-06,0.0,400000.0,0.0
15.22,2e-05,0.0,400000.0,0.0
15.23,3e-05,0.0,400000.0,0.0
15.24,0.000235,0.0,400000.0,0.0
15.26,2e-05,0.0,400000.0,0.0
15.27,5e-06,0.0,400000.0,0.0
15.28,3.5e-05,0.0,400000.0,0.0
15.29,6e-05,0.0,400000.0,0.0
15.3,0.00015,0.0,400000.0,0.0
15.31,1e-05,0.0,400000.0,0.0
15.32,1.5e-05,0.0,400000.0,0.0
15.33,1e-05,0.0,400000.0,0.0
15.34,3.5e-05,0.0,400000.0,0.0
15.35,2.5e-05,0.0,400000.0,0.0
15.36,2.5e-05,0.0,400000.0,0.0
15.37,2e-05,0.0,400000.0,0.0
15.38,1.5e-05,0.0,400000.0,0.0
15.39,8e-05,0.0,400000.0,0.0
15.4,0.00036,0.0,400000.0,0.0
15.41,5e-06,0.0,400000.0,0.0
15.42,1.5e-05,0.0,400000.0,0.0
15.43,2e-05,0.0,400000.0,0.0
15.44,1e-05,0.0,400000.0,0.0
15.45,6.5e-05,0.0,400000.0,0.0
15.46,5e-05,0.0,400000.0,0.0
15.48,3e-05,0.0,400000.0,0.0
15.49,3e-05,0.0,400000.0,0.0
15.5,6e-05,0.0,400000.0,0.0
15.51,1e-05,0.0,400000.0,0.0
15.52,2e-05,0.0,400000.0,0.0
15.53,1e-05,0.0,400000.0,0.0
15.54,1.5e-05,0.0,400000.0,0.0
15.55,7e-05,0.0,400000.0,0.0
15.56,0.000275,0.0,400000.0,0.0
15.57,3.5e-05,0.0,400000.0,0.0
15.58,2e-05,0.0,400000.0,0.0
15.59,2e-05,0.0,400000.0,0.0
15.6,6e-05,0.0,400000.0,0.0
15.61,0.00015,0.0,400000.0,0.0
15.62,1.5e-05,0.0,400000.0,0.0
15.63,1.5e-05,0.0,400000.0,0.0
15.64,2e-05,0.0,400000.0,0.0
15.65,1.5e-05,0.0,400000.0,0.0
15.66,5e-05,0.0,400000.0,0.0
15.67,4.5e-05,0.0,400000.0,0.0
15.68,7.5e-05,0.0,400000.0,0.0
15.69,1e-05,0.0,400000.0,0.0
15.7,5e-05,0.0,400000.0,0.0
15.71,7.5e-05,0.0,400000.0,0.0
15.72,0.00049,0.0,400000.0,0.0
15.73,4.5e-05,0.0,400000.0,0.0
15.74,3e-05,0.0,400000.0,0.0
15.75,4.5e-05,0.0,400000.0,0.0
15.76,4.5e-05,0.0,400000.0,0.0
15.77,0.00015,0.0,400000.0,0.0
15.777778,5e-06,0.0,400000.0,0.0
15.78,5e-06,0.0,400000.0,0.0
15.79,0.000105,0.0,400000.0,0.0
15.8,4.5e-05,0.0,400000.0,0.0
15.81,5e-05,0.0,400000.0,0.0
15.82,9.5e-05,0.0,400000.0,0.0
15.83,3.5e-05,0.0,400000.0,0.0
15.84,4.5e-05,0.0,400000.0,0.0
15.846939,5e-06,0.0,400000.0,0.0
15.85,3.5e-05,0.0,400000.0,0.0
15.86,4e-05,0.0,400000.0,0.0
15.87,0.000105,0.0,400000.0,0.0
15.88,0.00053,0.0,400000.0,0.0
15.89,2.5e-05,0.0,400000.0,0.0
15.9,0.00114,0.0,400000.0,0.0
15.91,2.5e-05,0.0,400000.0,0.0
15.92,4e-05,0.0,400000.0,0.0
15.93,0.000225,0.0,400000.0,0.0
15.94,2e-05,0.0,400000.0,0.0
15.95,6e-05,0.0,400000.0,0.0
15.96,4e-05,0.0,400000.0,0.0
15.97,6.5e-05,0.0,400000.0,0.0
15.98,0.000105,0.0,400000.0,0.0
15.99,2.5e-05,0.0,400000.0,0.0
16.0,5e-05,0.0,400000.0,0.0
16.01,9e-05,0.0,400000.0,0.0
16.02,7e-05,0.0,400000.0,0.0
16.03,0.00019,0.0,400000.0,0.0
16.04,0.0008,0.0,400000.0,0.0
16.05,4e-05,0.0,400000.0,0.0
16.06,8e-05,0.0,400000.0,0.0
16.07,7e-05,0.0,400000.0,0.0
16.08,6.5e-05,0.0,400000.0,0.0
16.09,0.00027,0.0,400000.0,0.0
16.1,5.5e-05,0.0,400000.0,0.0
16.11,7.5e-05,0.0,400000.0,0.0
16.12,0.00014,0.0,400000.0,0.0
16.13,5.5e-05,0.0,400000.0,0.0
16.14,0.000115,0.0,400000.0,0.0
16.15,0.0001,0.0,400000.0,0.0
16.16,6e-05,0.0,400000.0,0.0
16.17,0.00015,0.0,400000.0,0.0
16.18,0.000185,0.0,400000.0,0.0
16.19,0.00023,0.0,400000.0,0.0
16.2,0.001115,0.0,400000.0,0.0
16.21,8e-05,0.0,400000.0,0.0
16.22,0.000115,0.0,400000.0,0.0
16.23,0.00028,0.0,400000.0,0.0
16.24,0.00011,0.0,400000.0,0.0
16.25,0.000375,0.0,400000.0,0.0
16.26,5e-06,0.0,400000.0,0.0
16.27,7.5e-05,0.0,400000.0,0.0
16.28,0.00019,0.0,400000.0,0.0
16.29,0.000105,0.0,400000.0,0.0
16.3,0.000115,0.0,400000.0,0.0
16.32,0.000215,0.0,400000.0,0.0
16.33,0.000195,0.0,400000.0,0.0
16.34,0.000515,0.0,400000.0,0.0
16.35,0.000355,0.0,400000.0,0.0
16.352942,5e-06,0.0,400000.0,0.0
16.36,0.001835,0.0,400000.0,0.0
16.37,5e-06,0.0,400000.0,0.0
16.38,0.000185,0.0,400000.0,0.0
16.39,0.00031,0.0,400000.0,0.0
16.4,0.000235,0.0,400000.0,0.0
16.41,0.00043,0.0,400000.0,0.0
16.44,0.00028,0.0,400000.0,0.0
16.45,0.000805,0.0,400000.0,0.0
16.46,0.000325,0.0,400000.0,0.0
16.467741,5e-06,0.0,400000.0,0.0
16.47619,5e-06,0.0,400000.0,0.0
16.479166,5e-06,0.0,400000.0,0.0
16.49,0.00044,0.0,400000.0,0.0
16.5,0.0006,0.0,400000.0,0.0
16.51,0.000855,0.0,400000.0,0.0
16.52,0.002655,0.0,400000.0,0.0
16.55,0.00077,0.0,400000.0,0.0
16.56,0.00135,0.0,400000.0,0.0
16.57,0.00087,0.0,400000.0,0.0
16.585365,5e-06,0.0,400000.0,0.0
16.60606,5e-06,0.0,400000.0,0.0
16.607143,5e-06,0.0,400000.0,0.0
16.61,0.00081,0.0,400000.0,0.0
16.62,0.00063,0.0,400000.0,0.0
16.638298,5e-06,0.0,400000.0,0.0
16.66,0.002325,0.0,400000.0,0.0
16.67,0.004595,0.0,400000.0,0.0
16.68,0.0056,0.0,400000.0,0.0
16.696428,5e-06,0.0,400000.0,0.0
16.7,1e-05,0.0,400000.0,0.0
16.717173,5e-06,0.0,400000.0,0.0
16.72,0.00253,0.0,400000.0,0.0
16.725,5e-06,0.0,400000.0,0.0
16.725807,5e-06,0.0,400000.0,0.0
16.73,0.002075,0.0,400000.0,0.0
16.74,5e-06,0.0,400000.0,0.0
16.742424,5e-06,0.0,400000.0,0.0
16.747126,5e-06,0.0,400000.0,0.0
16.78,0.007055,0.0,400000.0,0.0
16.782051,5e-06,0.0,400000.0,0.0
16.784313,5e-06,0.0,400000.0,0.0
16.792208,5e-06,0.0,400000.0,0.0
16.795181,5e-06,0.0,400000.0,0.0
16.8,5e-06,0.0,400000.0,0.0
16.83,0.0146,0.0,400000.0,0.0
16.833334,5e-06,0.0,400000.0,0.0
16.84,0.014115,0.0,400000.0,0.0
16.85,3.5e-05,0.0,400000.0,0.0
16.865854,5e-06,0.0,400000.0,0.0
16.89,0.02434,0.0,400000.0,0.0
17,0.0,0.240225,400000.0,0.0
17.0,0.213665,0.0,400000.0,0.0
17.85,5e-06,0.0,400000.0,0.0
18.24,5e-06,0.0,400000.0,0.0
18.64,5e-06,0.0,400000.0,0.0
18.9,5e-06,0.0,400000.0,0.0
2.0,2e-05,0.0,400000.0,0.0
2.01,5e-06,0.0,400000.0,0.0
2.02,3.5e-05,0.0,400000.0,0.0
2.03,2e-05,0.0,400000.0,0.0
2.04,2.5e-05,0.0,400000.0,0.0
2.05,3.5e-05,0.0,400000.0,0.0
2.06,3.5e-05,0.0,400000.0,0.0
2.07,1e-05,0.0,400000.0,0.0
2.08,2e-05,0.0,400000.0,0.0
2.09,5e-06,0.0,400000.0,0.0
2.1,5e-06,0.0,400000.0,0.0
2.11,1.5e-05,0.0,400000.0,0.0
2.1162791,5e-06,0.0,400000.0,0.0
2.12,3e-05,0.0,400000.0,0.0
2.13,1.5e-05,0.0,400000.0,0.0
2.14,2.5e-05,0.0,400000.0,0.0
2.15,5e-06,0.0,400000.0,0.0
2.16,2.5e-05,0.0,400000.0,0.0
2.17,5e-06,0.0,400000.0,0.0
2.18,1e-05,0.0,400000.0,0.0
2.19,5e-06,0.0,400000.0,0.0
2.2,1.5e-05,0.0,400000.0,0.0
2.21,2e-05,0.0,400000.0,0.0
2.22,1e-05,0.0,400000.0,0.0
2.23,1e-05,0.0,400000.0,0.0
2.24,5e-06,0.0,400000.0,0.0
2.25,1.5e-05,0.0,400000.0,0.0
2.26,1e-05,0.0,400000.0,0.0
2.27,1.5e-05,0.0,400000.0,0.0
2.28,3e-05,0.0,400000.0,0.0
2.3,1e-05,0.0,400000.0,0.0
2.31,1e-05,0.0,400000.0,0.0
2.33,1.5e-05,0.0,400000.0,0.0
2.34,1e-05,0.0,400000.0,0.0
2.35,1e-05,0.0,400000.0,0.0
2.37,1e-05,0.0,400000.0,0.0
2.38,1.5e-05,0.0,400000.0,0.0
2.39,1e-05,0.0,400000.0,0.0
2.4,1e-05,0.0,400000.0,0.0
2.41,2.5e-05,0.0,400000.0,0.0
2.42,1e-05,0.0,400000.0,0.0
2.43,2e-05,0.0,400000.0,0.0
2.44,1e-05,0.0,400000.0,0.0
2.45,5e-06,0.0,400000.0,0.0
2.46,5e-06,0.0,400000.0,0.0
2.47,5e-06,0.0,400000.0,0.0
2.48,5e-06,0.0,400000.0,0.0
2.49,2e-05,0.0,400000.0,0.0
2.5,1.5e-05,0.0,400000.0,0.0
2.53,1e-05,0.0,400000.0,0.0
2.54,1e-05,0.0,400000.0,0.0
2.55,2e-05,0.0,400000.0,0.0
2.56,5e-06,0.0,400000.0,0.0
2.57,1e-05,0.0,400000.0,0.0
2.58,1e-05,0.0,400000.0,0.0
2.6,1.5e-05,0.0,400000.0,0.0
2.62,5e-06,0.0,400000.0,0.0
2.63,5e-06,0.0,400000.0,0.0
2.64,5e-06,0.0,400000.0,0.0
2.65,1e-05,0.0,400000.0,0.0
2.67,5e-06,0.0,400000.0,0.0
2.68,1e-05,0.0,400000.0,0.0
2.69,1e-05,0.0,400000.0,0.0
2.7,1.5e-05,0.0,400000.0,0.0
2.71,5e-06,0.0,400000.0,0.0
2.72,2e-05,0.0,400000.0,0.0
2.74,1.5e-05,0.0,400000.0,0.0
2.75,1e-05,0.0,400000.0,0.0
2.76,5e-06,0.0,400000.0,0.0
2.77,1e-05,0.0,400000.0,0.0
2.78,1e-05,0.0,400000.0,0.0
2.79,1e-05,0.0,400000.0,0.0
2.81,1e-05,0.0,400000.0,0.0
2.82,5e-06,0.0,400000.0,0.0
2.83,1.5e-05,0.0,400000.0,0.0
2.84,1e-05,0.0,400000.0,0.0
2.85,5e-06,0.0,400000.0,0.0
2.86,1.5e-05,0.0,400000.0,0.0
2.89,5e-06,0.0,400000.0,0.0
2.9,1e-05,0.0,400000.0,0.0
2.91,5e-06,0.0,400000.0,0.0
2.93,1.5e-05,0.0,400000.0,0.0
2.96,5e-06,0.0,400000.0,0.0
2.97,5e-06,0.0,400000.0,0.0
2.98,1e-05,0.0,400000.0,0.0
2.99,5e-06,0.0,400000.0,0.0
20.06,5e-06,0.0,400000.0,0.0
20.53,5e-06,0.0,400000.0,0.0
20.67,5e-06,0.0,400000.0,0.0
23.29,5e-06,0.0,400000.0,0.0
24.32,5e-06,0.0,400000.0,0.0
24.5,5e-06,0.0,400000.0,0.0
24.92,5e-06,0.0,400000.0,0.0
25.04,5e-06,0.0,400000.0,0.0
25.19,5e-06,0.0,400000.0,0.0
25.67,5e-06,0.0,400000.0,0.0
26.11,5e-06,0.0,400000.0,0.0
26.35,5e-06,0.0,400000.0,0.0
26.54,5e-06,0.0,400000.0,0.0
26.73,5e-06,0.0,400000.0,0.0
26.84,5e-06,0.0,400000.0,0.0
26.9,5e-06,0.0,400000.0,0.0
26.91,5e-06,0.0,400000.0,0.0
27.07,5e-06,0.0,400000.0,0.0
27.14,5e-06,0.0,400000.0,0.0
27.17,5e-06,0.0,400000.0,0.0
27.59,5e-06,0.0,400000.0,0.0
27.97,5e-06,0.0,400000.0,0.0
28.11,5e-06,0.0,400000.0,0.0
28.14,5e-06,0.0,400000.0,0.0
28.22,5e-06,0.0,400000.0,0.0
28.55,5e-06,0.0,400000.0,0.0
28.96,5e-06,0.0,400000.0,0.0
28.97,5e-06,0.0,400000.0,0.0
29.22,5e-06,0.0,400000.0,0.0
29.52,5e-06,0.0,400000.0,0.0
29.68,1e-05,0.0,400000.0,0.0
29.77,5e-06,0.0,400000.0,0.0
3.0,1e-05,0.0,400000.0,0.0
3.03,5e-06,0.0,400000.0,0.0
3.04,5e-06,0.0,400000.0,0.0
3.11,5e-06,0.0,400000.0,0.0
3.15,2e-05,0.0,400000.0,0.0
3.16,5e-06,0.0,400000.0,0.0
3.18,5e-06,0.0,400000.0,0.0
3.21,5e-06,0.0,400000.0,0.0
3.23,5e-06,0.0,400000.0,0.0
3.26,5e-06,0.0,400000.0,0.0
3.27,5e-06,0.0,400000.0,0.0
3.29,1e-05,0.0,400000.0,0.0
3.3,1e-05,0.0,400000.0,0.0
3.31,5e-06,0.0,400000.0,0.0
3.32,5e-06,0.0,400000.0,0.0
3.33,1e-05,0.0,400000.0,0.0
3.34,1e-05,0.0,400000.0,0.0
3.36,5e-06,0.0,400000.0,0.0
3.37,1e-05,0.0,400000.0,0.0
3.38,5e-06,0.0,400000.0,0.0
3.39,5e-06,0.0,400000.0,0.0
3.4,5e-06,0.0,400000.0,0.0
3.44,5e-06,0.0,400000.0,0.0
3.45,1e-05,0.0,400000.0,0.0
3.46,5e-06,0.0,400000.0,0.0
3.47,5e-06,0.0,400000.0,0.0
3.5,1e-05,0.0,400000.0,0.0
3.51,5e-06,0.0,400000.0,0.0
3.52,1e-05,0.0,400000.0,0.0
3.53,1.5e-05,0.0,400000.0,0.0
3.54,5e-06,0.0,400000.0,0.0
3.55,1e-05,0.0,400000.0,0.0
3.59,5e-06,0.0,400000.0,0.0
3.6,1.5e-05,0.0,400000.0,0.0
3.61,5e-06,0.0,400000.0,0.0
3.62,1e-05,0.0,400000.0,0.0
3.66,1e-05,0.0,400000.0,0.0
3.67,5e-06,0.0,400000.0,0.0
3.7,2e-05,0.0,400000.0,0.0
3.72,5e-06,0.0,400000.0,0.0
3.76,1e-05,0.0,400000.0,0.0
3.78,5e-06,0.0,400000.0,0.0
3.8,1e-05,0.0,400000.0,0.0
3.81,5e-06,0.0,400000.0,0.0
3.86,5e-06,0.0,400000.0,0.0
3.93,1e-05,0.0,400000.0,0.0
3.95,5e-06,0.0,400000.0,0.0
3.98,5e-06,0.0,400000.0,0.0
30.04,5e-06,0.0,400000.0,0.0
30.11,5e-06,0.0,400000.0,0.0
30.16,5e-06,0.0,400000.0,0.0
30.36,5e-06,0.0,400000.0,0.0
30.38,5e-06,0.0,400000.0,0.0
30.46,5e-06,0.0,400000.0,0.0
30.64,5e-06,0.0,400000.0,0.0
30.76,5e-06,0.0,400000.0,0.0
30.83,1e-05,0.0,400000.0,0.0
31.01,5e-06,0.0,400000.0,0.0
31.02,5e-06,0.0,400000.0,0.0
31.04,1e-05,0.0,400000.0,0.0
31.1,5e-06,0.0,400000.0,0.0
31.12,5e-06,0.0,400000.0,0.0
31.17,5e-06,0.0,400000.0,0.0
31.18,5e-06,0.0,400000.0,0.0
31.46,5e-06,0.0,400000.0,0.0
31.48,5e-06,0.0,400000.0,0.0
31.49,5e-06,0.0,400000.0,0.0
31.57,5e-06,0.0,400000.0,0.0
31.62,5e-06,0.0,400000.0,0.0
31.67,5e-06,0.0,400000.0,0.0
31.75,5e-06,0.0,400000.0,0.0
31.82,1e-05,0.0,400000.0,0.0
31.83,5e-06,0.0,400000.0,0.0
31.98,5e-06,0.0,400000.0,0.0
32.0,5e-06,0.0,400000.0,0.0
32.12,5e-06,0.0,400000.0,0.0
32.27,5e-06,0.0,400000.0,0.0
32.28,5e-06,0.0,400000.0,0.0
32.32,5e-06,0.0,400000.0,0.0
32.44,5e-06,0.0,400000.0,0.0
32.46,5e-06,0.0,400000.0,0.0
32.68,5e-06,0.0,400000.0,0.0
32.86,5e-06,0.0,400000.0,0.0
33.05,5e-06,0.0,400000.0,0.0
33.07,5e-06,0.0,400000.0,0.0
33.2,1e-05,0.0,400000.0,0.0
33.25,5e-06,0.0,400000.0,0.0
33.31,5e-06,0.0,400000.0,0.0
33.55,5e-06,0.0,400000.0,0.0
33.57,5e-06,0.0,400000.0,0.0
33.63,1e-05,0.0,400000.0,0.0
34.03,1e-05,0.0,400000.0,0.0
34.12,5e-06,0.0,400000.0,0.0
34.37,5e-06,0.0,400000.0,0.0
34.53,5e-06,0.0,400000.0,0.0
34.68,5e-06,0.0,400000.0,0.0
34.76,5e-06,0.0,400000.0,0.0
34.77,5e-06,0.0,400000.0,0.0
34.86,5e-06,0.0,400000.0,0.0
34.87,5e-06,0.0,400000.0,0.0
34.92,5e-06,0.0,400000.0,0.0
34.96,5e-06,0.0,400000.0,0.0
35.04,1e-05,0.0,400000.0,0.0
35.07,5e-06,0.0,400000.0,0.0
35.2,5e-06,0.0,400000.0,0.0
35.23,5e-06,0.0,400000.0,0.0
35.24,5e-06,0.0,400000.0,0.0
35.25,5e-06,0.0,400000.0,0.0
35.42,5e-06,0.0,400000.0,0.0
35.44,1e-05,0.0,400000.0,0.0
35.45,5e-06,0.0,400000.0,0.0
35.48,5e-06,0.0,400000.0,0.0
35.57,5e-06,0.0,400000.0,0.0
35.62,5e-06,0.0,400000.0,0.0
35.63,5e-06,0.0,400000.0,0.0
35.67,5e-06,0.0,400000.0,0.0
35.69,5e-06,0.0,400000.0,0.0
35.7,1e-05,0.0,400000.0,0.0
35.8,5e-06,0.0,400000.0,0.0
35.83,5e-06,0.0,400000.0,0.0
36.01,5e-06,0.0,400000.0,0.0
36.16,5e-06,0.0,400000.0,0.0
36.3,5e-06,0.0,400000.0,0.0
36.32,5e-06,0.0,400000.0,0.0
36.46,5e-06,0.0,400000.0,0.0
36.49,5e-06,0.0,400000.0,0.0
36.5,5e-06,0.0,400000.0,0.0
36.55,5e-06,0.0,400000.0,0.0
36.68,5e-06,0.0,400000.0,0.0
36.69,5e-06,0.0,400000.0,0.0
36.79,5e-06,0.0,400000.0,0.0
36.81,1e-05,0.0,400000.0,0.0
36.88,5e-06,0.0,400000.0,0.0
36.93,5e-06,0.0,400000.0,0.0
36.96,5e-06,0.0,400000.0,0.0
36.99,5e-06,0.0,400000.0,0.0
37.03,5e-06,0.0,400000.0,0.0
37.08,5e-06,0.0,400000.0,0.0
37.17,5e-06,0.0,400000.0,0.0
37.24,5e-06,0.0,400000.0,0.0
37.29,5e-06,0.0,400000.0,0.0
37.33,5e-06,0.0,400000.0,0.0
37.34,5e-06,0.0,400000.0,0.0
37.43,1e-05,0.0,400000.0,0.0
37.63,5e-06,0.0,400000.0,0.0
37.76,5e-06,0.0,400000.0,0.0
37.81,5e-06,0.0,400000.0,0.0
37.97,5e-06,0.0,400000.0,0.0
38.0,5e-06,0.0,400000.0,0.0
38.03,5e-06,0.0,400000.0,0.0
38.13,5e-06,0.0,400000.0,0.0
38.18,5e-06,0.0,400000.0,0.0
38.25,5e-06,0.0,400000.0,0.0
38.27,5e-06,0.0,400000.0,0.0
38.29,5e-06,0.0,400000.0,0.0
38.32,5e-06,0.0,400000.0,0.0
38.39,5e-06,0.0,400000.0,0.0
38.42,5e-06,0.0,400000.0,0.0
38.45,5e-06,0.0,400000.0,0.0
38.53,5e-06,0.0,400000.0,0.0
38.55,5e-06,0.0,400000.0,0.0
38.7,5e-06,0.0,400000.0,0.0
38.77,5e-06,0.0,400000.0,0.0
38.82,5e-06,0.0,400000.0,0.0
38.91,5e-06,0.0,400000.0,0.0
38.92,5e-06,0.0,400000.0,0.0
38.94,5e-06,0.0,400000.0,0.0
38.98,5e-06,0.0,400000.0,0.0
39.02,5e-06,0.0,400000.0,0.0
39.03,5e-06,0.0,400000.0,0.0
39.04,5e-06,0.0,400000.0,0.0
39.09,5e-06,0.0,400000.0,0.0
39.18,5e-06,0.0,400000.0,0.0
39.21,5e-06,0.0,400000.0,0.0
39.23,5e-06,0.0,400000.0,0.0
39.24,1e-05,0.0,400000.0,0.0
39.34,1e-05,0.0,400000.0,0.0
39.36,5e-06,0.0,400000.0,0.0
39.4,5e-06,0.0,400000.0,0.0
39.43,5e-06,0.0,400000.0,0.0
39.44,1e-05,0.0,400000.0,0.0
39.47,5e-06,0.0,400000.0,0.0
39.49,5e-06,0.0,400000.0,0.0
39.55,5e-06,0.0,400000.0,0.0
39.56,5e-06,0.0,400000.0,0.0
39.6,5e-06,0.0,400000.0,0.0
39.62,5e-06,0.0,400000.0,0.0
39.64,3.5e-05,0.0,400000.0,0.0
39.75,5e-06,0.0,400000.0,0.0
39.77,1e-05,0.0,400000.0,0.0
39.78,5e-06,0.0,400000.0,0.0
39.79,5e-06,0.0,400000.0,0.0
39.82,5e-06,0.0,400000.0,0.0
39.83,5e-06,0.0,400000.0,0.0
39.84,5e-06,0.0,400000.0,0.0
39.89,5e-06,0.0,400000.0,0.0
39.92,1e-05,0.0,400000.0,0.0
39.94,5e-06,0.0,400000.0,0.0
39.98,5e-06,0.0,400000.0,0.0
4.03,5e-06,0.0,400000.0,0.0
4.05,5e-06,0.0,400000.0,0.0
4.1,1.5e-05,0.0,400000.0,0.0
4.12,5e-06,0.0,400000.0,0.0
4.13,5e-06,0.0,400000.0,0.0
4.17,5e-06,0.0,400000.0,0.0
4.18,5e-06,0.0,400000.0,0.0
4.2,0.00013,0.0,400000.0,0.0
4.21,5e-06,0.0,400000.0,0.0
4.3,6e-05,0.0,400000.0,0.0
4.34,5e-06,0.0,400000.0,0.0
4.35,5e-06,0.0,400000.0,0.0
4.37,5e-06,0.0,400000.0,0.0
4.38,5e-06,0.0,400000.0,0.0
4.4,1e-05,0.0,400000.0,0.0
4.44,5e-06,0.0,400000.0,0.0
4.47,5e-06,0.0,400000.0,0.0
4.5,5e-06,0.0,400000.0,0.0
4.52,5e-06,0.0,400000.0,0.0
4.55,5e-06,0.0,400000.0,0.0
4.57,5e-06,0.0,400000.0,0.0
4.6,5e-06,0.0,400000.0,0.0
4.62,5e-06,0.0,400000.0,0.0
4.68,5e-06,0.0,400000.0,0.0
4.7,2e-05,0.0,400000.0,0.0
4.74,5e-06,0.0,400000.0,0.0
4.8,0.00069,0.0,400000.0,0.0
4.81,5e-06,0.0,400000.0,0.0
4.84,5e-06,0.0,400000.0,0.0
4.85,5e-06,0.0,400000.0,0.0
4.892857,5e-06,0.0,400000.0,0.0
4.9,9e-05,0.0,400000.0,0.0
4.96,5e-06,0.0,400000.0,0.0
4.98,1.5e-05,0.0,400000.0,0.0
4.99,5e-06,0.0,400000.0,0.0
40.0,1e-05,0.0,400000.0,0.0
40.01,5e-06,0.0,400000.0,0.0
40.02,5e-06,0.0,400000.0,0.0
40.1,1e-05,0.0,400000.0,0.0
40.14,5e-06,0.0,400000.0,0.0
40.16,5e-06,0.0,400000.0,0.0
40.19,5e-06,0.0,400000.0,0.0
40.22,5e-06,0.0,400000.0,0.0
40.23,1e-05,0.0,400000.0,0.0
40.26,5e-06,0.0,400000.0,0.0
40.28,5e-06,0.0,400000.0,0.0
40.29,5e-06,0.0,400000.0,0.0
40.31,5e-06,0.0,400000.0,0.0
40.33,5e-06,0.0,400000.0,0.0
40.34,5e-06,0.0,400000.0,0.0
40.36,1.5e-05,0.0,400000.0,0.0
40.37,5e-06,0.0,400000.0,0.0
40.39,5e-06,0.0,400000.0,0.0
40.44,5e-06,0.0,400000.0,0.0
40.47,5e-06,0.0,400000.0,0.0
40.48,5e-06,0.0,400000.0,0.0
40.51,5e-06,0.0,400000.0,0.0
40.53,1e-05,0.0,400000.0,0.0
40.54,5e-06,0.0,400000.0,0.0
40.55,5e-06,0.0,400000.0,0.0
40.56,5e-06,0.0,400000.0,0.0
40.57,1e-05,0.0,400000.0,0.0
40.58,5e-06,0.0,400000.0,0.0
40.61,5e-06,0.0,400000.0,0.0
40.62,5e-06,0.0,400000.0,0.0
40.65,5e-06,0.0,400000.0,0.0
40.7,5e-06,0.0,400000.0,0.0
40.75,5e-06,0.0,400000.0,0.0
40.77,5e-06,0.0,400000.0,0.0
40.78,5e-06,0.0,400000.0,0.0
40.85,5e-06,0.0,400000.0,0.0
40.87,5e-06,0.0,400000.0,0.0
40.88,1e-05,0.0,400000.0,0.0
40.9,5e-06,0.0,400000.0,0.0
40.91,5e-06,0.0,400000.0,0.0
40.99,5e-06,0.0,400000.0,0.0
41.01,5e-06,0.0,400000.0,0.0
41.02,3e-05,0.0,400000.0,0.0
41.06,1e-05,0.0,400000.0,0.0
41.13,5e-06,0.0,400000.0,0.0
41.14,5e-06,0.0,400000.0,0.0
41.18,5e-06,0.0,400000.0,0.0
41.19,1e-05,0.0,400000.0,0.0
41.2,5e-06,0.0,400000.0,0.0
41.21,1e-05,0.0,400000.0,0.0
41.26,5e-06,0.0,400000.0,0.0
41.28,5e-06,0.0,400000.0,0.0
41.32,1.5e-05,0.0,400000.0,0.0
41.33,5e-06,0.0,400000.0,0.0
41.38,5e-06,0.0,400000.0,0.0
41.41,5e-06,0.0,400000.0,0.0
41.43,5e-06,0.0,400000.0,0.0
41.44,5e-06,0.0,400000.0,0.0
41.45714,5e-06,0.0,400000.0,0.0
41.48,3e-05,0.0,400000.0,0.0
41.49,5e-06,0.0,400000.0,0.0
41.51,5e-06,0.0,400000.0,0.0
41.52,1e-05,0.0,400000.0,0.0
41.53,5e-06,0.0,400000.0,0.0
41.59,1e-05,0.0,400000.0,0.0
41.6,5e-06,0.0,400000.0,0.0
41.61,5e-06,0.0,400000.0,0.0
41.66,5e-06,0.0,400000.0,0.0
41.67,5e-06,0.0,400000.0,0.0
41.69,5e-06,0.0,400000.0,0.0
41.7,5e-06,0.0,400000.0,0.0
41.73,5e-06,0.0,400000.0,0.0
41.74,1e-05,0.0,400000.0,0.0
41.75,5e-06,0.0,400000.0,0.0
41.76,5e-06,0.0,400000.0,0.0
41.8,1.5e-05,0.0,400000.0,0.0
41.81,5e-06,0.0,400000.0,0.0
41.86,5e-06,0.0,400000.0,0.0
41.87,5e-06,0.0,400000.0,0.0
41.88,5e-06,0.0,400000.0,0.0
41.89,1e-05,0.0,400000.0,0.0
41.9,5e-06,0.0,400000.0,0.0
41.91,1e-05,0.0,400000.0,0.0
41.94,2.5e-05,0.0,400000.0,0.0
41.97,1.5e-05,0.0,400000.0,0.0
41.98,1.5e-05,0.0,400000.0,0.0
41.99,1.5e-05,0.0,400000.0,0.0
42.0,5e-06,0.0,400000.0,0.0
42.01,1e-05,0.0,400000.0,0.0
42.08,2e-05,0.0,400000.0,0.0
42.09,2e-05,0.0,400000.0,0.0
42.1,1e-05,0.0,400000.0,0.0
42.11,5e-06,0.0,400000.0,0.0
42.14,1e-05,0.0,400000.0,0.0
42.15,1.5e-05,0.0,400000.0,0.0
42.18,5e-06,0.0,400000.0,0.0
42.19,5e-06,0.0,400000.0,0.0
42.2,1e-05,0.0,400000.0,0.0
42.22,1e-05,0.0,400000.0,0.0
42.23,1e-05,0.0,400000.0,0.0
42.24,1e-05,0.0,400000.0,0.0
42.25,5e-06,0.0,400000.0,0.0
42.28,5e-06,0.0,400000.0,0.0
42.29,5e-06,0.0,400000.0,0.0
42.3,1e-05,0.0,400000.0,0.0
42.31,5e-06,0.0,400000.0,0.0
42.33,5e-06,0.0,400000.0,0.0
42.34,1e-05,0.0,400000.0,0.0
42.35,1e-05,0.0,400000.0,0.0
42.36,1e-05,0.0,400000.0,0.0
42.37,1e-05,0.0,400000.0,0.0
42.4,3e-05,0.0,400000.0,0.0
42.42,5e-06,0.0,400000.0,0.0
42.43,2e-05,0.0,400000.0,0.0
42.44,5e-06,0.0,400000.0,0.0
42.45,5e-06,0.0,400000.0,0.0
42.46,5e-06,0.0,400000.0,0.0
42.47,5e-06,0.0,400000.0,0.0
42.5,1e-05,0.0,400000.0,0.0
42.51,5e-06,0.0,400000.0,0.0
42.52,5e-06,0.0,400000.0,0.0
42.53,5e-06,0.0,400000.0,0.0
42.54,1e-05,0.0,400000.0,0.0
42.55,5e-06,0.0,400000.0,0.0
42.56,1e-05,0.0,400000.0,0.0
42.6,2e-05,0.0,400000.0,0.0
42.63,5e-06,0.0,400000.0,0.0
42.64,1e-05,0.0,400000.0,0.0
42.65,1.5e-05,0.0,400000.0,0.0
42.66,5e-06,0.0,400000.0,0.0
42.67,5e-06,0.0,400000.0,0.0
42.69,5e-06,0.0,400000.0,0.0
42.7,5e-06,0.0,400000.0,0.0
42.71,5e-06,0.0,400000.0,0.0
42.72,2e-05,0.0,400000.0,0.0
42.74,5e-06,0.0,400000.0,0.0
42.75,5e-06,0.0,400000.0,0.0
42.76,1e-05,0.0,400000.0,0.0
42.77,5e-06,0.0,400000.0,0.0
42.78,5e-06,0.0,400000.0,0.0
42.8,5e-06,0.0,400000.0,0.0
42.81,1e-05,0.0,400000.0,0.0
42.83,1.5e-05,0.0,400000.0,0.0
42.85,5e-06,0.0,400000.0,0.0
42.86,2e-05,0.0,400000.0,0.0
42.87,1.5e-05,0.0,400000.0,0.0
42.88,1e-05,0.0,400000.0,0.0
42.89,1.5e-05,0.0,400000.0,0.0
42.9,5e-06,0.0,400000.0,0.0
42.91,1e-05,0.0,400000.0,0.0
42.92,1e-05,0.0,400000.0,0.0
42.93,1e-05,0.0,400000.0,0.0
42.94,5e-06,0.0,400000.0,0.0
42.95,5e-06,0.0,400000.0,0.0
42.96,1.5e-05,0.0,400000.0,0.0
42.99,1e-05,0.0,400000.0,0.0
43.0,1.5e-05,0.0,400000.0,0.0
43.01,1.5e-05,0.0,400000.0,0.0
43.02,2e-05,0.0,400000.0,0.0
43.03,1.5e-05,0.0,400000.0,0.0
43.04,5e-06,0.0,400000.0,0.0
43.06,2e-05,0.0,400000.0,0.0
43.07,1e-05,0.0,400000.0,0.0
43.08,5e-06,0.0,400000.0,0.0
43.09,1e-05,0.0,400000.0,0.0
43.1,5e-06,0.0,400000.0,0.0
43.11,5e-06,0.0,400000.0,0.0
43.12,2e-05,0.0,400000.0,0.0
43.13,5e-06,0.0,400000.0,0.0
43.14,1e-05,0.0,400000.0,0.0
43.15,5e-06,0.0,400000.0,0.0
43.17,1e-05,0.0,400000.0,0.0
43.18,1.5e-05,0.0,400000.0,0.0
43.2,2e-05,0.0,400000.0,0.0
43.21,5e-06,0.0,400000.0,0.0
43.22,1.5e-05,0.0,400000.0,0.0
43.23,1e-05,0.0,400000.0,0.0
43.25,5e-06,0.0,400000.0,0.0
43.26,5e-06,0.0,400000.0,0.0
43.28,1e-05,0.0,400000.0,0.0
43.29,5e-06,0.0,400000.0,0.0
43.3,1e-05,0.0,400000.0,0.0
43.31,2.5e-05,0.0,400000.0,0.0
43.32,2.5e-05,0.0,400000.0,0.0
43.33,1e-05,0.0,400000.0,0.0
43.36,1.5e-05,0.0,400000.0,0.0
43.37,5e-06,0.0,400000.0,0.0
43.39,1e-05,0.0,400000.0,0.0
43.41,5e-06,0.0,400000.0,0.0
43.42,3e-05,0.0,400000.0,0.0
43.44,1e-05,0.0,400000.0,0.0
43.45,1e-05,0.0,400000.0,0.0
43.47,1e-05,0.0,400000.0,0.0
43.48,3.5e-05,0.0,400000.0,0.0
43.49,1e-05,0.0,400000.0,0.0
43.5,5e-06,0.0,400000.0,0.0
43.51,1e-05,0.0,400000.0,0.0
43.53,5e-06,0.0,400000.0,0.0
43.54,1e-05,0.0,400000.0,0.0
43.55,1e-05,0.0,400000.0,0.0
43.56,1e-05,0.0,400000.0,0.0
43.57,5e-06,0.0,400000.0,0.0
43.58,2.5e-05,0.0,400000.0,0.0
43.59,1e-05,0.0,400000.0,0.0
43.61,1e-05,0.0,400000.0,0.0
43.62,1e-05,0.0,400000.0,0.0
43.63,5e-06,0.0,400000.0,0.0
43.64,1e-05,0.0,400000.0,0.0
43.65,5e-06,0.0,400000.0,0.0
43.66,1.5e-05,0.0,400000.0,0.0
43.67,2e-05,0.0,400000.0,0.0
43.69,1.5e-05,0.0,400000.0,0.0
43.7,1e-05,0.0,400000.0,0.0
43.71,3e-05,0.0,400000.0,0.0
43.72,2.5e-05,0.0,400000.0,0.0
43.74,1e-05,0.0,400000.0,0.0
43.75,5e-06,0.0,400000.0,0.0
43.76,5e-06,0.0,400000.0,0.0
43.77,3.5e-05,0.0,400000.0,0.0
43.78,3e-05,0.0,400000.0,0.0
43.79,1e-05,0.0,400000.0,0.0
43.8,1.5e-05,0.0,400000.0,0.0
43.81,1.5e-05,0.0,400000.0,0.0
43.82,5e-06,0.0,400000.0,0.0
43.83,3e-05,0.0,400000.0,0.0
43.84,1.5e-05,0.0,400000.0,0.0
43.846153,5e-06,0.0,400000.0,0.0
43.85,1e-05,0.0,400000.0,0.0
43.86,5e-06,0.0,400000.0,0.0
43.87,5e-06,0.0,400000.0,0.0
43.88,3e-05,0.0,400000.0,0.0
43.9,5e-06,0.0,400000.0,0.0
43.91,2e-05,0.0,400000.0,0.0
43.92,1.5e-05,0.0,400000.0,0.0
43.93,1.5e-05,0.0,400000.0,0.0
43.94,1e-05,0.0,400000.0,0.0
43.95,1e-05,0.0,400000.0,0.0
43.97,5e-06,0.0,400000.0,0.0
43.99,2e-05,0.0,400000.0,0.0
44.01,5e-06,0.0,400000.0,0.0
44.03,5e-06,0.0,400000.0,0.0
44.04,1e-05,0.0,400000.0,0.0
44.05,2.5e-05,0.0,400000.0,0.0
44.06,1e-05,0.0,400000.0,0.0
44.07,1.5e-05,0.0,400000.0,0.0
44.08,1e-05,0.0,400000.0,0.0
44.09,1e-05,0.0,400000.0,0.0
44.1,2e-05,0.0,400000.0,0.0
44.11,5e-06,0.0,400000.0,0.0
44.12,2.5e-05,0.0,400000.0,0.0
44.13,2.5e-05,0.0,400000.0,0.0
44.14,1e-05,0.0,400000.0,0.0
44.15,1.5e-05,0.0,400000.0,0.0
44.16,5e-06,0.0,400000.0,0.0
44.17,2e-05,0.0,400000.0,0.0
44.18,2e-05,0.0,400000.0,0.0
44.19,5e-06,0.0,400000.0,0.0
44.2,5e-06,0.0,400000.0,0.0
44.21,5e-06,0.0,400000.0,0.0
44.22,2.5e-05,0.0,400000.0,0.0
44.23,3e-05,0.0,400000.0,0.0
44.24,7.5e-05,0.0,400000.0,0.0
44.25,1.5e-05,0.0,400000.0,0.0
44.26,1.5e-05,0.0,400000.0,0.0
44.27,5e-06,0.0,400000.0,0.0
44.28,1e-05,0.0,400000.0,0.0
44.29,4.5e-05,0.0,400000.0,0.0
44.3,2e-05,0.0,400000.0,0.0
44.31,1.5e-05,0.0,400000.0,0.0
44.32,5e-06,0.0,400000.0,0.0
44.33,5e-06,0.0,400000.0,0.0
44.34,3e-05,0.0,400000.0,0.0
44.35,3e-05,0.0,400000.0,0.0
44.36,1.5e-05,0.0,400000.0,0.0
44.37,2e-05,0.0,400000.0,0.0
44.38,4e-05,0.0,400000.0,0.0
44.39,2e-05,0.0,400000.0,0.0
44.4,3.5e-05,0.0,400000.0,0.0
44.41,3e-05,0.0,400000.0,0.0
44.42,4.5e-05,0.0,400000.0,0.0
44.43,3e-05,0.0,400000.0,0.0
44.44,1.5e-05,0.0,400000.0,0.0
44.45,1.5e-05,0.0,400000.0,0.0
44.46,3e-05,0.0,400000.0,0.0
44.47,1.5e-05,0.0,400000.0,0.0
44.48,3.5e-05,0.0,400000.0,0.0
44.49,4.5e-05,0.0,400000.0,0.0
44.5,1e-05,0.0,400000.0,0.0
44.51,1e-05,0.0,400000.0,0.0
44.52,3.5e-05,0.0,400000.0,0.0
44.53,2.5e-05,0.0,400000.0,0.0
44.54,5.5e-05,0.0,400000.0,0.0
44.55,2e-05,0.0,400000.0,0.0
44.56,2.5e-05,0.0,400000.0,0.0
44.57,4e-05,0.0,400000.0,0.0
44.58,1.5e-05,0.0,400000.0,0.0
44.59,4.5e-05,0.0,400000.0,0.0
44.6,2.5e-05,0.0,400000.0,0.0
44.61,1e-05,0.0,400000.0,0.0
44.62,5e-06,0.0,400000.0,0.0
44.63,1e-05,0.0,400000.0,0.0
44.64,3.5e-05,0.0,400000.0,0.0
44.65,5e-05,0.0,400000.0,0.0
44.66,1.5e-05,0.0,400000.0,0.0
44.67,1.5e-05,0.0,400000.0,0.0
44.68,4e-05,0.0,400000.0,0.0
44.69,5e-05,0.0,400000.0,0.0
44.7,7e-05,0.0,400000.0,0.0
44.71,3.5e-05,0.0,400000.0,0.0
44.72,2e-05,0.0,400000.0,0.0
44.73,3.5e-05,0.0,400000.0,0.0
44.74,5e-06,0.0,400000.0,0.0
44.75,6e-05,0.0,400000.0,0.0
44.76,1e-05,0.0,400000.0,0.0
44.77,3.5e-05,0.0,400000.0,0.0
44.78,2.5e-05,0.0,400000.0,0.0
44.79,1e-05,0.0,400000.0,0.0
44.8,1e-05,0.0,400000.0,0.0
44.81,2e-05,0.0,400000.0,0.0
44.82,2e-05,0.0,400000.0,0.0
44.83,5.5e-05,0.0,400000.0,0.0
44.84,4.5e-05,0.0,400000.0,0.0
44.85,4e-05,0.0,400000.0,0.0
44.86,4e-05,0.0,400000.0,0.0
44.87,5e-05,0.0,400000.0,0.0
44.88,5.5e-05,0.0,400000.0,0.0
44.89,6e-05,0.0,400000.0,0.0
44.9,2.5e-05,0.0,400000.0,0.0
44.91,1e-05,0.0,400000.0,0.0
44.92,2e-05,0.0,400000.0,0.0
44.93,1.5e-05,0.0,400000.0,0.0
44.94,4e-05,0.0,400000.0,0.0
44.95,0.00011,0.0,400000.0,0.0
44.96,1.5e-05,0.0,400000.0,0.0
44.966667,5e-06,0.0,400000.0,0.0
44.98,4.5e-05,0.0,400000.0,0.0
44.99,2.5e-05,0.0,400000.0,0.0
45.0,7.5e-05,0.0,400000.0,0.0
45.01,3.5e-05,0.0,400000.0,0.0
45.02,1.5e-05,0.0,400000.0,0.0
45.03,1e-05,0.0,400000.0,0.0
45.04,1e-05,0.0,400000.0,0.0
45.05,4.5e-05,0.0,400000.0,0.0
45.06,0.00011,0.0,400000.0,0.0
45.07,2e-05,0.0,400000.0,0.0
45.09,3.5e-05,0.0,400000.0,0.0
45.11,5e-05,0.0,400000.0,0.0
45.12,0.00014,0.0,400000.0,0.0
45.13,1.5e-05,0.0,400000.0,0.0
45.14,3.5e-05,0.0,400000.0,0.0
45.15,3e-05,0.0,400000.0,0.0
45.16,8e-05,0.0,400000.0,0.0
45.17,7.5e-05,0.0,400000.0,0.0
45.18,0.000145,0.0,400000.0,0.0
45.19,4e-05,0.0,400000.0,0.0
45.2,5e-05,0.0,400000.0,0.0
45.21,6e-05,0.0,400000.0,0.0
45.22,5e-05,0.0,400000.0,0.0
45.23,2.5e-05,0.0,400000.0,0.0
45.24,0.0001,0.0,400000.0,0.0
45.25,3.5e-05,0.0,400000.0,0.0
45.26,3.5e-05,0.0,400000.0,0.0
45.28,4e-05,0.0,400000.0,0.0
45.29,6.5e-05,0.0,400000.0,0.0
45.3,0.0001,0.0,400000.0,0.0
45.31,5.5e-05,0.0,400000.0,0.0
45.32,5e-05,0.0,400000.0,0.0
45.33,6.5e-05,0.0,400000.0,0.0
45.34,2.5e-05,0.0,400000.0,0.0
45.35,0.0001,0.0,400000.0,0.0
45.36,0.00017,0.0,400000.0,0.0
45.37,2e-05,0.0,400000.0,0.0
45.39,6e-05,0.0,400000.0,0.0
45.41,0.000125,0.0,400000.0,0.0
45.42,6e-05,0.0,400000.0,0.0
45.433334,5e-06,0.0,400000.0,0.0
45.46,0.000135,0.0,400000.0,0.0
45.47,0.000135,0.0,400000.0,0.0
45.48,3e-05,0.0,400000.0,0.0
45.482758,5e-06,0.0,400000.0,0.0
45.5,3.5e-05,0.0,400000.0,0.0
45.52,8.5e-05,0.0,400000.0,0.0
45.53,3.5e-05,0.0,400000.0,0.0
45.536587,5e-06,0.0,400000.0,0.0
45.57317,5e-06,0.0,400000.0,0.0
45.58,9.5e-05,0.0,400000.0,0.0
45.59,0.000175,0.0,400000.0,0.0
45.6,0.000105,0.0,400000.0,0.0
45.61,0.00018,0.0,400000.0,0.0
45.62,0.00014,0.0,400000.0,0.0
45.63,8.5e-05,0.0,400000.0,0.0
45.64,1e-05,0.0,400000.0,0.0
45.65,0.00028,0.0,400000.0,0.0
45.66,0.00011,0.0,400000.0,0.0
45.67,9.5e-05,0.0,400000.0,0.0
45.69,6.5e-05,0.0,400000.0,0.0
45.71,0.00024,0.0,400000.0,0.0
45.71233,5e-06,0.0,400000.0,0.0
45.72,8e-05,0.0,400000.0,0.0
45.76,0.000315,0.0,400000.0,0.0
45.77,0.00036,0.0,400000.0,0.0
45.78,7.5e-05,0.0,400000.0,0.0
45.79,5e-06,0.0,400000.0,0.0
45.8,0.000105,0.0,400000.0,0.0
45.82,0.00029,0.0,400000.0,0.0
45.83,0.00011,0.0,400000.0,0.0
45.853657,5e-06,0.0,400000.0,0.0
45.86111,5e-06,0.0,400000.0,0.0
45.88,0.000265,0.0,400000.0,0.0
45.93,0.000295,0.0,400000.0,0.0
45.94,6.5e-05,0.0,400000.0,0.0
45.99,0.000335,0.0,400000.0,0.0
46.06,0.00091,0.0,400000.0,0.0
46.07,0.000365,0.0,400000.0,0.0
46.08,0.00028,0.0,400000.0,0.0
46.09,5e-06,0.0,400000.0,0.0
46.1,0.00027,0.0,400000.0,0.0
46.12,0.000825,0.0,400000.0,0.0
46.13,0.00044,0.0,400000.0,0.0
46.14,5e-06,0.0,400000.0,0.0
46.18,0.00084,0.0,400000.0,0.0
46.23,0.000985,0.0,400000.0,0.0
46.24,0.000235,0.0,400000.0,0.0
46.25,5e-06,0.0,400000.0,0.0
46.29,0.000965,0.0,400000.0,0.0
46.4,0.000985,0.0,400000.0,0.0
46.473682,5e-06,0.0,400000.0,0.0
46.505264,5e-06,0.0,400000.0,0.0
46.53,0.004415,0.0,400000.0,0.0
46.54,0.001485,0.0,400000.0,0.0
46.544445,5e-06,0.0,400000.0,0.0
46.55,5e-06,0.0,400000.0,0.0
46.59,0.003675,0.0,400000.0,0.0
46.7,0.00371,0.0,400000.0,0.0
47,0.0,0.07214,400000.0,0.0
47.0,0.01033,0.0,400000.0,0.0
5.0,5.5e-05,0.0,400000.0,0.0
5.1,5e-06,0.0,400000.0,0.0
5.12,5e-06,0.0,400000.0,0.0
5.14,5e-06,0.0,400000.0,0.0
5.15,5e-06,0.0,400000.0,0.0
5.22,5e-06,0.0,400000.0,0.0
5.24,5e-06,0.0,400000.0,0.0
5.27,5e-06,0.0,400000.0,0.0
5.29,5e-06,0.0,400000.0,0.0
5.3,0.00015,0.0,400000.0,0.0
5.32,5e-06,0.0,400000.0,0.0
5.36,1e-05,0.0,400000.0,0.0
5.39,5e-06,0.0,400000.0,0.0
5.4,0.002025,0.0,400000.0,0.0
5.41,5e-06,0.0,400000.0,0.0
5.42,5e-06,0.0,400000.0,0.0
5.46,5e-06,0.0,400000.0,0.0
5.47,5e-06,0.0,400000.0,0.0
5.48,5e-06,0.0,400000.0,0.0
5.5,0.000495,0.0,400000.0,0.0
5.52,2.5e-05,0.0,400000.0,0.0
5.53,5e-06,0.0,400000.0,0.0
5.54,5e-06,0.0,400000.0,0.0
5.55,5e-06,0.0,400000.0,0.0
5.57,5e-06,0.0,400000.0,0.0
5.58,3e-05,0.0,400000.0,0.0
5.59,1e-05,0.0,400000.0,0.0
5.6,6.5e-05,0.0,400000.0,0.0
5.62,1.5e-05,0.0,400000.0,0.0
5.63,3e-05,0.0,400000.0,0.0
5.64,4e-05,0.0,400000.0,0.0
5.65,5e-06,0.0,400000.0,0.0
5.66,1.5e-05,0.0,400000.0,0.0
5.67,2e-05,0.0,400000.0,0.0
5.68,5e-06,0.0,400000.0,0.0
5.69,2.5e-05,0.0,400000.0,0.0
5.7,0.00012,0.0,400000.0,0.0
5.71,1.5e-05,0.0,400000.0,0.0
5.714286,5e-06,0.0,400000.0,0.0
5.72,1e-05,0.0,400000.0,0.0
5.73,1e-05,0.0,400000.0,0.0
5.7391305,5e-06,0.0,400000.0,0.0
5.74,1e-05,0.0,400000.0,0.0
5.75,6e-05,0.0,400000.0,0.0
5.76,0.000255,0.0,400000.0,0.0
5.77,6.5e-05,0.0,400000.0,0.0
5.78,2.5e-05,0.0,400000.0,0.0
5.79,2e-05,0.0,400000.0,0.0
5.8,7.5e-05,0.0,400000.0,0.0
5.81,6e-05,0.0,400000.0,0.0
5.82,0.00082,0.0,400000.0,0.0
5.83,0.00018,0.0,400000.0,0.0
5.84,0.000105,0.0,400000.0,0.0
5.85,7.5e-05,0.0,400000.0,0.0
5.86,4.5e-05,0.0,400000.0,0.0
5.87,8.5e-05,0.0,400000.0,0.0
5.88,0.00469,0.0,400000.0,0.0
5.89,0.000965,0.0,400000.0,0.0
5.9,0.000905,0.0,400000.0,0.0
5.91,1.5e-05,0.0,400000.0,0.0
5.9104476,5e-06,0.0,400000.0,0.0
5.9130435,5e-06,0.0,400000.0,0.0
5.92,4e-05,0.0,400000.0,0.0
5.928571,1e-05,0.0,400000.0,0.0
5.93,0.00028,0.0,400000.0,0.0
5.9387755,5e-06,0.0,400000.0,0.0
5.94,0.041685,0.0,400000.0,0.0
5.95,0.00808,0.0,400000.0,0.0
5.96,0.000225,0.0,400000.0,0.0
5.97,1.5e-05,0.0,400000.0,0.0
5.98,7e-05,0.0,400000.0,0.0
5.9814816,5e-06,0.0,400000.0,0.0
5.99,0.001185,0.0,400000.0,0.0
6,0.0,0.572925,400000.0,0.0
6.0,0.374195,0.0,400000.0,0.0
6.01,7.5e-05,0.0,400000.0,0.0
6.02,2e-05,0.0,400000.0,0.0
6.03,1.5e-05,0.0,400000.0,0.0
6.04,0.000235,0.0,400000.0,0.0
6.05,0.00536,0.0,400000.0,0.0
6.06,0.00109,0.0,400000.0,0.0
6.07,1.5e-05,0.0,400000.0,0.0
6.08,2e-05,0.0,400000.0,0.0
6.09,3e-05,0.0,400000.0,0.0
6.1,0.000495,0.0,400000.0,0.0
6.11,0.04919,0.0,400000.0,0.0
6.113402,5e-06,0.0,400000.0,0.0
6.12,3.5e-05,0.0,400000.0,0.0
6.1222224,5e-06,0.0,400000.0,0.0
6.125,5e-06,0.0,400000.0,0.0
6.13,5e-06,0.0,400000.0,0.0
6.1466665,5e-06,0.0,400000.0,0.0
6.15,8e-05,0.0,400000.0,0.0
6.16,0.001275,0.0,400000.0,0.0
6.17,0.00038,0.0,400000.0,0.0
6.18,3.5e-05,0.0,400000.0,0.0
6.2,4e-05,0.0,400000.0,0.0
6.21,0.000195,0.0,400000.0,0.0
6.22,0.008205,0.0,400000.0,0.0
6.23,6e-05,0.0,400000.0,0.0
6.24,1e-05,0.0,400000.0,0.0
6.25,1e-05,0.0,400000.0,0.0
6.26,4e-05,0.0,400000.0,0.0
6.27,0.00056,0.0,400000.0,0.0
6.28,0.000145,0.0,400000.0,0.0
6.29,1e-05,0.0,400000.0,0.0
6.3,2e-05,0.0,400000.0,0.0
6.31,1e-05,0.0,400000.0,0.0
6.32,7.5e-05,0.0,400000.0,0.0
6.33,0.002375,0.0,400000.0,0.0
6.34,1.5e-05,0.0,400000.0,0.0
6.35,1.5e-05,0.0,400000.0,0.0
6.36,2e-05,0.0,400000.0,0.0
6.37,6e-05,0.0,400000.0,0.0
6.38,0.00028,0.0,400000.0,0.0
6.39,7e-05,0.0,400000.0,0.0
6.4,0.00011,0.0,400000.0,0.0
6.41,1e-05,0.0,400000.0,0.0
6.42,2e-05,0.0,400000.0,0.0
6.43,7e-05,0.0,400000.0,0.0
6.44,0.00102,0.0,400000.0,0.0
6.4489794,5e-06,0.0,400000.0,0.0
6.45,1e-05,0.0,400000.0,0.0
6.46,1e-05,0.0,400000.0,0.0
6.47,5e-06,0.0,400000.0,0.0
6.48,3e-05,0.0,400000.0,0.0
6.49,9.5e-05,0.0,400000.0,0.0
6.5,0.00125,0.0,400000.0,0.0
6.51,5e-06,0.0,400000.0,0.0
6.52,5e-06,0.0,400000.0,0.0
6.53,2.5e-05,0.0,400000.0,0.0
6.54,8.5e-05,0.0,400000.0,0.0
6.55,0.000505,0.0,400000.0,0.0
6.56,2e-05,0.0,400000.0,0.0
6.57,5e-06,0.0,400000.0,0.0
6.58,5e-06,0.0,400000.0,0.0
6.59,2.5e-05,0.0,400000.0,0.0
6.6,0.00052,0.0,400000.0,0.0
6.61,3.5e-05,0.0,400000.0,0.0
6.62,5e-06,0.0,400000.0,0.0
6.63,2e-05,0.0,400000.0,0.0
6.64,3e-05,0.0,400000.0,0.0
6.65,4e-05,0.0,400000.0,0.0
6.66,0.00042,0.0,400000.0,0.0
6.68,5e-06,0.0,400000.0,0.0
6.69,1e-05,0.0,400000.0,0.0
6.693548,5e-06,0.0,400000.0,0.0
6.7,8e-05,0.0,400000.0,0.0
6.71,5e-05,0.0,400000.0,0.0
6.72,5e-06,0.0,400000.0,0.0
6.73,5e-06,0.0,400000.0,0.0
6.74,1.5e-05,0.0,400000.0,0.0
6.75,5e-06,0.0,400000.0,0.0
6.76,7e-05,0.0,400000.0,0.0
6.77,0.000215,0.0,400000.0,0.0
6.78,5e-06,0.0,400000.0,0.0
6.79,2.5e-05,0.0,400000.0,0.0
6.8,2e-05,0.0,400000.0,0.0
6.81,1.5e-05,0.0,400000.0,0.0
6.82,4e-05,0.0,400000.0,0.0
6.83,1.5e-05,0.0,400000.0,0.0
6.85,5e-06,0.0,400000.0,0.0
6.86,1e-05,0.0,400000.0,0.0
6.87,2.5e-05,0.0,400000.0,0.0
6.88,0.000105,0.0,400000.0,0.0
6.89,5e-06,0.0,400000.0,0.0
6.9,4e-05,0.0,400000.0,0.0
6.91,5e-06,0.0,400000.0,0.0
6.92,1e-05,0.0,400000.0,0.0
6.93,4.5e-05,0.0,400000.0,0.0
6.94,5e-06,0.0,400000.0,0.0
6.97,1.5e-05,0.0,400000.0,0.0
6.99,9.5e-05,0.0,400000.0,0.0
7.0,0.00048,0.0,400000.0,0.0
7.01,5e-06,0.0,400000.0,0.0
7.02,1.5e-05,0.0,400000.0,0.0
7.03,1.5e-05,0.0,400000.0,0.0
7.04,3e-05,0.0,400000.0,0.0
7.044944,5e-06,0.0,400000.0,0.0
7.05,1e-05,0.0,400000.0,0.0
7.06,1.5e-05,0.0,400000.0,0.0
7.07,1e-05,0.0,400000.0,0.0
7.08,2.5e-05,0.0,400000.0,0.0
7.09,2e-05,0.0,400000.0,0.0
7.1,0.00797,0.0,400000.0,0.0
7.13,3e-05,0.0,400000.0,0.0
7.15,2e-05,0.0,400000.0,0.0
7.16,5e-06,0.0,400000.0,0.0
7.17,1e-05,0.0,400000.0,0.0
7.18,1e-05,0.0,400000.0,0.0
7.19,5e-06,0.0,400000.0,0.0
7.2,0.00011,0.0,400000.0,0.0
7.21,0.000105,0.0,400000.0,0.0
7.22,1e-05,0.0,400000.0,0.0
7.23,1e-05,0.0,400000.0,0.0
7.24,1.5e-05,0.0,400000.0,0.0
7.25,5e-06,0.0,400000.0,0.0
7.26,2e-05,0.0,400000.0,0.0
7.28,5e-06,0.0,400000.0,0.0
7.29,5e-06,0.0,400000.0,0.0
7.3,1.5e-05,0.0,400000.0,0.0
7.31,1e-05,0.0,400000.0,0.0
7.32,3e-05,0.0,400000.0,0.0
7.33,5e-06,0.0,400000.0,0.0
7.34,1e-05,0.0,400000.0,0.0
7.36,3e-05,0.0,400000.0,0.0
7.37,3.5e-05,0.0,400000.0,0.0
7.375,5e-06,0.0,400000.0,0.0
7.38,5e-06,0.0,400000.0,0.0
7.39,5e-06,0.0,400000.0,0.0
7.4,1e-05,0.0,400000.0,0.0
7.41,2e-05,0.0,400000.0,0.0
7.42,1.5e-05,0.0,400000.0,0.0
7.43,3e-05,0.0,400000.0,0.0
7.44,5e-06,0.0,400000.0,0.0
7.46,1.5e-05,0.0,400000.0,0.0
7.47,1e-05,0.0,400000.0,0.0
7.48,1.5e-05,0.0,400000.0,0.0
7.49,1e-05,0.0,400000.0,0.0
7.5,7e-05,0.0,400000.0,0.0
7.53,5e-06,0.0,400000.0,0.0
7.54,4.5e-05,0.0,400000.0,0.0
7.55,1e-05,0.0,400000.0,0.0
7.57,5e-06,0.0,400000.0,0.0
7.571429,5e-06,0.0,400000.0,0.0
7.58,1e-05,0.0,400000.0,0.0
7.59,1e-05,0.0,400000.0,0.0
7.6,0.00096,0.0,400000.0,0.0
7.61,5e-06,0.0,400000.0,0.0
7.62,1e-05,0.0,400000.0,0.0
7.63,1e-05,0.0,400000.0,0.0
7.64,1e-05,0.0,400000.0,0.0
7.65,1e-05,0.0,400000.0,0.0
7.66,5e-06,0.0,400000.0,0.0
7.68,5e-06,0.0,400000.0,0.0
7.69,1e-05,0.0,400000.0,0.0
7.7,0.000465,0.0,400000.0,0.0
7.71,1e-05,0.0,400000.0,0.0
7.72,1.5e-05,0.0,400000.0,0.0
7.73,5e-06,0.0,400000.0,0.0
7.74,5e-06,0.0,400000.0,0.0
7.75,1.5e-05,0.0,400000.0,0.0
7.76,3e-05,0.0,400000.0,0.0
7.78,1e-05,0.0,400000.0,0.0
7.79,1.5e-05,0.0,400000.0,0.0
7.8,4.5e-05,0.0,400000.0,0.0
7.81,5e-06,0.0,400000.0,0.0
7.83,1e-05,0.0,400000.0,0.0
7.84,2e-05,0.0,400000.0,0.0
7.86,1.5e-05,0.0,400000.0,0.0
7.87,1e-05,0.0,400000.0,0.0
7.89,1e-05,0.0,400000.0,0.0
7.9,1e-05,0.0,400000.0,0.0
7.91,1e-05,0.0,400000.0,0.0
7.92,3e-05,0.0,400000.0,0.0
7.93,5e-06,0.0,400000.0,0.0
7.94,5e-06,0.0,400000.0,0.0
7.95,2e-05,0.0,400000.0,0.0
7.96,5e-06,0.0,400000.0,0.0
7.97,1.5e-05,0.0,400000.0,0.0
7.98,2.5e-05,0.0,400000.0,0.0
7.99,5e-06,0.0,400000.0,0.0
8.0,3e-05,0.0,400000.0,0.0
8.01,5e-06,0.0,400000.0,0.0
8.02,1e-05,0.0,400000.0,0.0
8.03,1.5e-05,0.0,400000.0,0.0
8.04,2e-05,0.0,400000.0,0.0
8.05,5e-06,0.0,400000.0,0.0
8.07,5e-06,0.0,400000.0,0.0
8.08,1e-05,0.0,400000.0,0.0
8.09,1e-05,0.0,400000.0,0.0
8.1,0.000305,0.0,400000.0,0.0
8.11,5e-06,0.0,400000.0,0.0
8.12,5e-06,0.0,400000.0,0.0
8.13,1.5e-05,0.0,400000.0,0.0
8.14,3e-05,0.0,400000.0,0.0
8.15,5e-06,0.0,400000.0,0.0
8.16,1e-05,0.0,400000.0,0.0
8.17,1e-05,0.0,400000.0,0.0
8.18,1.5e-05,0.0,400000.0,0.0
8.19,1e-05,0.0,400000.0,0.0
8.2,0.00436,0.0,400000.0,0.0
8.21,1e-05,0.0,400000.0,0.0
8.23,5e-06,0.0,400000.0,0.0
8.24,5e-06,0.0,400000.0,0.0
8.25,1e-05,0.0,400000.0,0.0
8.26,5e-06,0.0,400000.0,0.0
8.27,5e-06,0.0,400000.0,0.0
8.28,1e-05,0.0,400000.0,0.0
8.3,8.5e-05,0.0,400000.0,0.0
8.31,2e-05,0.0,400000.0,0.0
8.32,5e-06,0.0,400000.0,0.0
8.33,5e-06,0.0,400000.0,0.0
8.35,5e-06,0.0,400000.0,0.0
8.36,1e-05,0.0,400000.0,0.0
8.37,1.5e-05,0.0,400000.0,0.0
8.39,5e-06,0.0,400000.0,0.0
8.4,1e-05,0.0,400000.0,0.0
8.42,1e-05,0.0,400000.0,0.0
8.43,5e-06,0.0,400000.0,0.0
8.46,5e-06,0.0,400000.0,0.0
8.47,1.5e-05,0.0,400000.0,0.0
8.5,1.5e-05,0.0,400000.0,0.0
8.51,1.5e-05,0.0,400000.0,0.0
8.52,1e-05,0.0,400000.0,0.0
8.53,1.5e-05,0.0,400000.0,0.0
8.54,5e-06,0.0,400000.0,0.0
8.56,5e-06,0.0,400000.0,0.0
8.57,1e-05,0.0,400000.0,0.0
8.58,1e-05,0.0,400000.0,0.0
8.59,1e-05,0.0,400000.0,0.0
8.6,8.5e-05,0.0,400000.0,0.0
8.61,1e-05,0.0,400000.0,0.0
8.62,1e-05,0.0,400000.0,0.0
8.63,2e-05,0.0,400000.0,0.0
8.64,2.5e-05,0.0,400000.0,0.0
8.65,1e-05,0.0,400000.0,0.0
8.66,5e-06,0.0,400000.0,0.0
8.68,1e-05,0.0,400000.0,0.0
8.69,5e-06,0.0,400000.0,0.0
8.7,0.00065,0.0,400000.0,0.0
8.72,1e-05,0.0,400000.0,0.0
8.73,2e-05,0.0,400000.0,0.0
8.74,5e-06,0.0,400000.0,0.0
8.75,5e-06,0.0,400000.0,0.0
8.77,1e-05,0.0,400000.0,0.0
8.78,5e-06,0.0,400000.0,0.0
8.8,0.00045,0.0,400000.0,0.0
8.81,5e-06,0.0,400000.0,0.0
8.82,1e-05,0.0,400000.0,0.0
8.83,1e-05,0.0,400000.0,0.0
8.84,5e-06,0.0,400000.0,0.0
8.85,1e-05,0.0,400000.0,0.0
8.86,1.5e-05,0.0,400000.0,0.0
8.87,5e-06,0.0,400000.0,0.0
8.88,1.5e-05,0.0,400000.0,0.0
8.882353,5e-06,0.0,400000.0,0.0
8.89,1e-05,0.0,400000.0,0.0
8.9,3e-05,0.0,400000.0,0.0
8.91,2.5e-05,0.0,400000.0,0.0
8.92,5e-06,0.0,400000.0,0.0
8.93,5e-06,0.0,400000.0,0.0
8.94,1.5e-05,0.0,400000.0,0.0
8.95,1e-05,0.0,400000.0,0.0
8.96,1.5e-05,0.0,400000.0,0.0
8.97,5e-06,0.0,400000.0,0.0
8.99,1e-05,0.0,400000.0,0.0
9.0,1.5e-05,0.0,400000.0,0.0
9.02,2.5e-05,0.0,400000.0,0.0
9.04,5e-06,0.0,400000.0,0.0
9.05,1.5e-05,0.0,400000.0,0.0
9.06,2.5e-05,0.0,400000.0,0.0
9.07,5e-06,0.0,400000.0,0.0
9.08,1.5e-05,0.0,400000.0,0.0
9.1,1e-05,0.0,400000.0,0.0
9.12,5e-06,0.0,400000.0,0.0
9.13,1e-05,0.0,400000.0,0.0
9.15,5e-06,0.0,400000.0,0.0
9.16,1e-05,0.0,400000.0,0.0
9.17,1e-05,0.0,400000.0,0.0
9.18,1e-05,0.0,400000.0,0.0
9.19,2e-05,0.0,400000.0,0.0
9.2,0.00019,0.0,400000.0,0.0
9.23,1.5e-05,0.0,400000.0,0.0
9.24,5e-06,0.0,400000.0,0.0
9.25,1e-05,0.0,400000.0,0.0
9.27,5e-06,0.0,400000.0,0.0
9.29,5e-06,0.0,400000.0,0.0
9.3,0.00271,0.0,400000.0,0.0
9.32,5e-06,0.0,400000.0,0.0
9.33,1e-05,0.0,400000.0,0.0
9.34,1.5e-05,0.0,400000.0,0.0
9.35,5e-06,0.0,400000.0,0.0
9.36,1e-05,0.0,400000.0,0.0
9.37,5e-06,0.0,400000.0,0.0
9.38,5e-06,0.0,400000.0,0.0
9.4,8e-05,0.0,400000.0,0.0
9.41,1.5e-05,0.0,400000.0,0.0
9.42,1e-05,0.0,400000.0,0.0
9.44,5e-06,0.0,400000.0,0.0
9.45,5e-06,0.0,400000.0,0.0
9.47,1.5e-05,0.0,400000.0,0.0
9.48,5e-06,0.0,400000.0,0.0
9.49,5e-06,0.0,400000.0,0.0
9.5,1.5e-05,0.0,400000.0,0.0
9.51,2.5e-05,0.0,400000.0,0.0
9.52,5e-06,0.0,400000.0,0.0
9.53,1e-05,0.0,400000.0,0.0
9.55,5e-06,0.0,400000.0,0.0
9.56,5e-06,0.0,400000.0,0.0
9.57,1e-05,0.0,400000.0,0.0
9.59,5e-06,0.0,400000.0,0.0
9.6,5e-06,0.0,400000.0,0.0
9.61,5e-06,0.0,400000.0,0.0
9.62,5e-06,0.0,400000.0,0.0
9.63,2e-05,0.0,400000.0,0.0
9.64,1e-05,0.0,400000.0,0.0
9.65,5e-06,0.0,400000.0,0.0
9.66,1e-05,0.0,400000.0,0.0
9.67,2.5e-05,0.0,400000.0,0.0
9.68,1.5e-05,0.0,400000.0,0.0
9.69,5e-06,0.0,400000.0,0.0
9.7,3e-05,0.0,400000.0,0.0
9.71,5e-06,0.0,400000.0,0.0
9.72,1e-05,0.0,400000.0,0.0
9.73,1e-05,0.0,400000.0,0.0
9.75,5e-06,0.0,400000.0,0.0
9.77,1e-05,0.0,400000.0,0.0
9.79,2.5e-05,0.0,400000.0,0.0
9.8,0.000505,0.0,400000.0,0.0
9.81,1e-05,0.0,400000.0,0.0
9.82,1e-05,0.0,400000.0,0.0
9.83,5e-06,0.0,400000.0,0.0
9.84,5e-06,0.0,400000.0,0.0
9.85,5e-06,0.0,400000.0,0.0
9.88,1e-05,0.0,400000.0,0.0
9.89,5e-06,0.0,400000.0,0.0
9.9,0.000205,0.0,400000.0,0.0
9.93,5e-06,0.0,400000.0,0.0
9.94,1.5e-05,0.0,400000.0,0.0
9.95,5e-06,0.0,400000.0,0.0
9.96,1e-05,0.0,400000.0,0.0
